10000.0 	 1.860656
12500.0 	 1.834438
15000.0 	 1.807015
17500.0 	 1.778214
20000.0 	 1.747814
24402.31 	 1.689052
28804.62 	 1.623039
30134.49 	 1.600785
30799.43 	 1.589257
31131.9 	 1.583398
31298.13 	 1.580418
31381.25 	 1.578923
31464.36 	 1.57742
31514.52 	 1.57651
31564.67 	 1.575599
31589.75 	 1.575142
31602.29 	 1.574913
31614.83 	 1.574685
31627.37 	 1.574456
31639.91 	 1.574228
31646.18 	 1.574113
31652.45 	 1.573999
31658.72 	 1.573885
31664.98 	 1.573771
31670.0 	 1.57368
31675.02 	 1.573588
31680.04 	 1.573497
31685.05 	 1.573407
31687.56 	 1.573361
31690.07 	 1.573316
31692.58 	 1.573271
31695.08 	 1.573226
31697.59 	 1.573182
31700.1 	 1.573137
31702.61 	 1.573093
31703.86 	 1.573071
31705.11 	 1.57305
31706.19 	 1.573032
31707.26 	 1.573014
31708.34 	 1.572996
31709.41 	 1.572979
31710.49 	 1.572963
31711.03 	 1.572955
31711.56 	 1.572948
31712.1 	 1.572941
31712.64 	 1.572935
31713.18 	 1.572929
31713.71 	 1.572924
31714.25 	 1.57292
31714.79 	 1.572917
31715.33 	 1.572915
31715.86 	 1.572914
31716.4 	 1.572915
31716.94 	 1.572918
31717.48 	 1.572924
31718.01 	 1.572932
31718.55 	 1.572943
31719.09 	 1.572958
31719.63 	 1.572976
31720.16 	 1.572999
31720.7 	 1.573026
31721.23 	 1.573059
31721.77 	 1.573099
31722.3 	 1.573144
31722.8 	 1.573193
31723.29 	 1.573248
31723.79 	 1.573311
31724.28 	 1.57338
31724.78 	 1.573459
31725.27 	 1.573544
31726.25 	 1.57374
31727.24 	 1.573972
31728.22 	 1.574236
31729.21 	 1.574535
31730.19 	 1.574859
31732.52 	 1.575696
31734.84 	 1.576505
31736.01 	 1.57685
31737.17 	 1.577122
31738.6 	 1.577333
31739.56 	 1.577386
31740.0 	 1.577386
31740.07 	 1.577385
31740.27 	 1.577378
31740.46 	 1.577369
31740.85 	 1.577341
31740.92 	 1.577335
31741.17 	 1.577309
31741.41 	 1.57728
31741.9 	 1.577206
31743.57 	 1.576826
31745.11 	 1.576333
31746.64 	 1.575756
31749.71 	 1.574537
31751.24 	 1.573983
31752.01 	 1.57373
31752.77 	 1.573501
31753.47 	 1.573308
31754.17 	 1.573132
31754.87 	 1.572974
31755.56 	 1.572834
31756.26 	 1.572708
31756.96 	 1.572597
31757.66 	 1.5725
31758.35 	 1.572417
31759.05 	 1.572343
31759.75 	 1.572279
31760.45 	 1.572223
31761.14 	 1.572176
31761.84 	 1.572134
31762.53 	 1.572097
31763.23 	 1.572065
31763.92 	 1.572037
31764.33 	 1.572022
31764.73 	 1.572008
31765.13 	 1.571994
31765.53 	 1.571982
31766.33 	 1.571958
31767.13 	 1.571937
31767.93 	 1.571917
31768.73 	 1.571898
31769.53 	 1.57188
31770.33 	 1.571863
31771.14 	 1.571845
31771.94 	 1.571829
31773.54 	 1.571797
31775.14 	 1.571765
31776.74 	 1.571734
31778.35 	 1.571703
31779.95 	 1.571672
31783.15 	 1.571612
31786.35 	 1.571551
31789.55 	 1.571491
31792.48 	 1.571437
31795.41 	 1.571382
31798.34 	 1.571328
31801.26 	 1.571274
31807.11 	 1.571165
31812.96 	 1.571057
31818.81 	 1.570949
31824.66 	 1.570841
31830.51 	 1.570733
31836.36 	 1.570625
31848.06 	 1.570409
31859.76 	 1.570193
31871.46 	 1.569977
31883.16 	 1.569761
31901.0 	 1.569431
31918.83 	 1.569101
31954.49 	 1.568441
32025.81 	 1.567118
32097.14 	 1.56579
32168.46 	 1.564458
32346.78 	 1.5611
32525.09 	 1.557698
32881.72 	 1.550889
33808.97 	 1.532438
34736.21 	 1.512606
36590.69 	 1.471165
38445.17 	 1.424498
40299.65 	 1.369811
42154.13 	 1.307676
43081.37 	 1.271607
44008.61 	 1.230951
44935.85 	 1.185472
45399.47 	 1.161746
45863.09 	 1.134106
46790.33 	 1.076295
47717.57 	 1.00804
48288.18 	 0.9595375
48858.79 	 0.905139
49429.4 	 0.8436108
50000.0 	 0.7734083
50355.28 	 0.7243827
50710.55 	 0.6706006
51065.83 	 0.611478
51421.1 	 0.5463372
51598.74 	 0.5114084
51776.38 	 0.4745068
51954.02 	 0.4362247
52131.65 	 0.3960976
52309.29 	 0.3538742
52486.92 	 0.3098892
52664.56 	 0.2643202
52842.19 	 0.2175297
53061.63 	 0.1591402
53171.35 	 0.1301645
53281.06 	 0.1023178
53390.78 	 0.07532744
53445.64 	 0.06266943
53500.5 	 0.05064996
53555.36 	 0.03942281
53610.22 	 0.02926373
53637.65 	 0.02458688
53665.08 	 0.02027126
53692.51 	 0.016242
53719.93 	 0.01265492
53736.26 	 0.01072021
53752.59 	 0.008942687
53768.92 	 0.00732407
53785.24 	 0.005891549
53801.57 	 0.004648626
53809.74 	 0.004100234
53817.9 	 0.003603107
53826.07 	 0.003157278
53834.23 	 0.002764848
53842.39 	 0.002426226
53850.55 	 0.002143334
53858.39 	 0.001926411
53866.23 	 0.001764824
53874.07 	 0.001659544
53881.9 	 0.001611758
53889.09 	 0.001619555
53896.27 	 0.001677891
53903.45 	 0.001787918
53910.63 	 0.00195085
53917.82 	 0.002168327
53925.0 	 0.002441282
53932.18 	 0.002771751
53939.36 	 0.003161124
53946.55 	 0.003610557
53953.73 	 0.004119304
53960.92 	 0.00469024
53968.1 	 0.005323683
53975.29 	 0.006023147
53982.47 	 0.006788275
53996.83 	 0.008524581
54011.2 	 0.01054794
54025.57 	 0.01287084
54039.94 	 0.01550993
54054.3 	 0.01849359
54068.67 	 0.0218247
54083.04 	 0.02549932
54097.41 	 0.02954853
54111.78 	 0.03399493
54126.15 	 0.03885666
54140.52 	 0.04415203
54169.25 	 0.05613133
54197.99 	 0.07011944
54226.72 	 0.08631101
54255.46 	 0.104938
54284.19 	 0.1262326
54306.4 	 0.1447022
54328.6 	 0.1650636
54350.81 	 0.1874866
54373.01 	 0.2121295
54395.22 	 0.2395783
54417.42 	 0.2694318
54439.63 	 0.3018504
54461.83 	 0.3373541
54506.24 	 0.4184574
54550.65 	 0.5150921
54595.06 	 0.6300851
54639.46 	 0.7668206
54668.2 	 0.8693576
54696.94 	 0.9837745
54725.68 	 1.110715
54754.41 	 1.254139
54783.15 	 1.415166
54811.88 	 1.593768
54840.62 	 1.795588
54869.35 	 2.023594
54898.09 	 2.277345
54926.82 	 2.563679
54955.56 	 2.889716
54984.29 	 3.254189
55013.03 	 3.665533
55041.76 	 4.136633
55070.5 	 4.667439
55099.23 	 5.26596
55127.68 	 5.947883
55156.13 	 6.720669
55184.58 	 7.591439
55213.02 	 8.594625
55241.47 	 9.737674
55269.92 	 11.0243
55298.37 	 12.50308
55326.81 	 14.18622
55355.26 	 16.0678
55383.71 	 18.20327
55412.16 	 20.60313
55440.6 	 23.23632
55497.49 	 29.24208
55554.38 	 35.83713
55585.04 	 39.37306
55615.69 	 42.63978
55646.35 	 45.48504
55677.0 	 47.71493
55717.88 	 49.44194
55758.75 	 49.68601
55791.26 	 48.88843
55823.77 	 47.39673
55888.78 	 42.99044
55953.79 	 38.09571
56018.8 	 33.27602
56051.31 	 31.05139
56083.82 	 29.0031
56116.33 	 27.11758
56148.83 	 25.37837
56181.34 	 23.79975
56213.84 	 22.37084
56278.85 	 19.86462
56318.94 	 18.54399
56359.02 	 17.36635
56399.1 	 16.31206
56439.18 	 15.36486
56479.26 	 14.51142
56519.34 	 13.74072
56599.5 	 12.41133
56639.58 	 11.83778
56679.66 	 11.33257
56759.82 	 10.40187
56839.98 	 9.614342
56920.14 	 8.944528
56988.85 	 8.451479
57057.56 	 8.011434
57126.27 	 7.614615
57194.98 	 7.259022
57332.4 	 6.659625
57469.82 	 6.15945
57607.24 	 5.747091
57744.66 	 5.394008
57882.08 	 5.099416
58019.49 	 4.834911
58168.36 	 4.593604
58317.23 	 4.382235
58466.1 	 4.195244
58614.97 	 4.029027
58763.84 	 3.880641
58912.71 	 3.749706
59210.45 	 3.525035
59508.19 	 3.337492
59657.06 	 3.255726
59805.93 	 3.184336
60103.67 	 3.048914
60401.41 	 2.932082
60722.06 	 2.825323
61042.7 	 2.731919
61363.35 	 2.649362
61683.99 	 2.575865
62004.64 	 2.509991
62325.28 	 2.450585
62645.93 	 2.397035
62966.57 	 2.350243
63287.22 	 2.303449
63607.86 	 2.26355
64249.15 	 2.189451
64890.44 	 2.124874
65531.72 	 2.068643
65921.08 	 2.037689
66115.76 	 2.022972
66310.43 	 2.00871
66505.11 	 1.994871
66602.45 	 1.988085
66699.79 	 1.981393
66797.13 	 1.974803
66894.47 	 1.968298
66991.81 	 1.961871
67040.48 	 1.958685
67089.14 	 1.955518
67134.95 	 1.952553
67180.75 	 1.949603
67226.56 	 1.946668
67272.36 	 1.943748
67300.99 	 1.941933
67329.62 	 1.940125
67358.25 	 1.938329
67386.88 	 1.936546
67415.51 	 1.934783
67429.83 	 1.933912
67444.14 	 1.933051
67458.46 	 1.9322
67472.77 	 1.931364
67487.09 	 1.930546
67501.4 	 1.929754
67515.0 	 1.929033
67528.6 	 1.928354
67542.2 	 1.92773
67555.8 	 1.927183
67569.4 	 1.926745
67576.2 	 1.926581
67583.0 	 1.926464
67589.8 	 1.926403
67596.6 	 1.926414
67603.4 	 1.926515
67610.19 	 1.926729
67617.35 	 1.927114
67624.51 	 1.927711
67631.67 	 1.928592
67638.82 	 1.929859
67642.4 	 1.930683
67645.98 	 1.931668
67649.56 	 1.932845
67653.14 	 1.934257
67656.72 	 1.935957
67660.3 	 1.938017
67663.88 	 1.94053
67667.45 	 1.943618
67671.39 	 1.947919
67675.33 	 1.953509
67677.3 	 1.956957
67679.27 	 1.960976
67681.24 	 1.96571
67683.2 	 1.971333
67685.17 	 1.978193
67687.14 	 1.986682
67689.11 	 1.997417
67691.07 	 2.011215
67692.06 	 2.019755
67693.04 	 2.029514
67694.03 	 2.040945
67695.01 	 2.054113
67696.0 	 2.069637
67696.98 	 2.08761
67697.96 	 2.108641
67698.94 	 2.133264
67699.93 	 2.162399
67700.91 	 2.196144
67701.9 	 2.235956
67702.88 	 2.281861
67703.87 	 2.335703
67704.85 	 2.397344
67705.83 	 2.468269
67706.81 	 2.549474
67707.8 	 2.642952
67708.78 	 2.74777
67709.77 	 2.866956
67710.75 	 2.998856
67711.74 	 3.14676
67712.72 	 3.308051
67714.68 	 3.675176
67716.83 	 4.142313
67718.98 	 4.66444
67723.27 	 5.772522
67725.78 	 6.371851
67728.28 	 6.854459
67730.32 	 7.123463
67732.36 	 7.255584
67733.0 	 7.2667
67735.04 	 7.204042
67737.08 	 6.998306
67739.33 	 6.627412
67741.57 	 6.144348
67745.69 	 5.109001
67747.75 	 4.588913
67749.8 	 4.105659
67751.77 	 3.689787
67753.73 	 3.331847
67754.72 	 3.173201
67755.7 	 3.030679
67756.68 	 2.902194
67757.66 	 2.78714
67758.65 	 2.683774
67759.63 	 2.593314
67760.61 	 2.513716
67761.59 	 2.444015
67762.57 	 2.383241
67763.55 	 2.330446
67764.53 	 2.284723
67765.51 	 2.245218
67766.45 	 2.212436
67767.38 	 2.184292
67768.32 	 2.159611
67769.25 	 2.138412
67770.19 	 2.119785
67771.12 	 2.103733
67772.06 	 2.089564
67772.99 	 2.07728
67774.86 	 2.056813
67776.73 	 2.040694
67778.6 	 2.027744
67780.47 	 2.017129
67782.34 	 2.008259
67784.21 	 2.00072
67786.08 	 1.994216
67787.95 	 1.988535
67791.69 	 1.979061
67795.43 	 1.971454
67798.8 	 1.965772
67802.17 	 1.960941
67805.54 	 1.956782
67808.9 	 1.953174
67812.27 	 1.949996
67815.63 	 1.94719
67819.0 	 1.944678
67822.36 	 1.942428
67829.1 	 1.938538
67835.83 	 1.935302
67842.56 	 1.932558
67849.29 	 1.930195
67856.77 	 1.927918
67864.25 	 1.925932
67871.73 	 1.924177
67879.21 	 1.922608
67891.18 	 1.920397
67904.65 	 1.918242
67918.11 	 1.916351
67931.58 	 1.914659
67945.04 	 1.913123
67958.51 	 1.911705
67971.97 	 1.910385
67985.44 	 1.909142
67998.9 	 1.907966
68022.83 	 1.905996
68046.77 	 1.904144
68070.71 	 1.902386
68094.65 	 1.9007
68118.58 	 1.899073
68142.52 	 1.897491
68166.45 	 1.895949
68190.39 	 1.894438
68214.32 	 1.892957
68262.2 	 1.890058
68310.07 	 1.887229
68357.95 	 1.884457
68405.82 	 1.881732
68453.7 	 1.879045
68501.57 	 1.876395
68597.31 	 1.871182
68693.06 	 1.866065
68788.81 	 1.861034
68884.56 	 1.856079
68980.3 	 1.851194
69159.83 	 1.842229
69339.35 	 1.833439
69518.88 	 1.824835
69698.4 	 1.816426
70057.45 	 1.800024
70236.98 	 1.792059
70416.5 	 1.784236
70512.25 	 1.780118
70560.12 	 1.778075
70607.99 	 1.77604
70642.4 	 1.774583
70659.61 	 1.773857
70676.81 	 1.773132
70694.02 	 1.772407
70702.62 	 1.772046
70711.22 	 1.771685
70719.83 	 1.771325
70728.43 	 1.770965
70732.73 	 1.770785
70737.03 	 1.770606
70741.33 	 1.770427
70745.63 	 1.770249
70749.0 	 1.77011
70750.69 	 1.77004
70752.37 	 1.769972
70754.06 	 1.769903
70755.74 	 1.769836
70756.58 	 1.769803
70757.42 	 1.76977
70758.26 	 1.769737
70759.1 	 1.769705
70759.95 	 1.769674
70760.79 	 1.769643
70761.63 	 1.769614
70762.47 	 1.769586
70763.31 	 1.769559
70764.15 	 1.769534
70764.99 	 1.76951
70765.83 	 1.76949
70766.68 	 1.769471
70767.52 	 1.769456
70768.36 	 1.769445
70769.2 	 1.769438
70770.04 	 1.769436
70770.88 	 1.76944
70771.72 	 1.769449
70772.56 	 1.769466
70773.41 	 1.769491
70774.25 	 1.769524
70775.09 	 1.769566
70775.93 	 1.769618
70776.78 	 1.769681
70777.62 	 1.769755
70778.46 	 1.769841
70779.3 	 1.769939
70780.15 	 1.770051
70780.99 	 1.770174
70782.67 	 1.770457
70784.35 	 1.770786
70786.03 	 1.771152
70789.4 	 1.771945
70792.76 	 1.772687
70794.44 	 1.772986
70796.12 	 1.773207
70798.09 	 1.773346
70799.11 	 1.77336
70800.0 	 1.773339
70800.07 	 1.773336
70800.26 	 1.773327
70800.45 	 1.773316
70800.82 	 1.773291
70801.07 	 1.773272
70801.25 	 1.773256
70801.37 	 1.773244
70801.71 	 1.773209
70802.05 	 1.77317
70802.72 	 1.773079
70804.06 	 1.772849
70805.4 	 1.77256
70807.84 	 1.771912
70810.28 	 1.771163
70815.16 	 1.769626
70816.38 	 1.769273
70817.6 	 1.768942
70818.82 	 1.768636
70820.04 	 1.768356
70821.26 	 1.768102
70822.48 	 1.767873
70823.7 	 1.76767
70824.92 	 1.767489
70826.14 	 1.76733
70826.75 	 1.767257
70827.36 	 1.767189
70827.97 	 1.767125
70828.58 	 1.767064
70829.19 	 1.767007
70829.8 	 1.766954
70830.41 	 1.766903
70831.02 	 1.766855
70831.63 	 1.76681
70832.24 	 1.766767
70832.85 	 1.766726
70833.46 	 1.766686
70834.07 	 1.766649
70834.68 	 1.766613
70835.29 	 1.766578
70835.9 	 1.766544
70836.51 	 1.766511
70837.12 	 1.76648
70837.73 	 1.766449
70838.34 	 1.766419
70838.95 	 1.766389
70839.56 	 1.76636
70840.66 	 1.766309
70841.76 	 1.766259
70842.86 	 1.76621
70843.96 	 1.766161
70845.06 	 1.766113
70846.16 	 1.766066
70847.26 	 1.766019
70848.35 	 1.765972
70850.55 	 1.765879
70852.75 	 1.765787
70854.95 	 1.765694
70857.14 	 1.765603
70861.54 	 1.765419
70865.93 	 1.765236
70870.32 	 1.765053
70874.71 	 1.764871
70883.5 	 1.764506
70892.28 	 1.764142
70901.07 	 1.763779
70909.85 	 1.763416
70929.38 	 1.76261
70948.9 	 1.761807
70968.43 	 1.761005
70987.95 	 1.760205
71034.08 	 1.758319
71080.21 	 1.756441
71172.47 	 1.752706
71356.98 	 1.745366
71726.0 	 1.730954
72464.04 	 1.703591
73940.13 	 1.653186
76892.31 	 1.562119
79844.49 	 1.483249
82796.67 	 1.408779
83671.39 	 1.387821
84546.11 	 1.36712
84983.47 	 1.356825
85420.83 	 1.346581
85639.51 	 1.341466
85858.19 	 1.336347
85967.53 	 1.333781
86076.87 	 1.331207
86131.54 	 1.329915
86186.21 	 1.328618
86240.88 	 1.327315
86295.55 	 1.326004
86328.75 	 1.325204
86361.94 	 1.324398
86395.13 	 1.323585
86428.32 	 1.322765
86461.52 	 1.321936
86494.71 	 1.321093
86511.31 	 1.320666
86527.9 	 1.320234
86544.5 	 1.319796
86561.09 	 1.319352
86575.74 	 1.318953
86590.38 	 1.318548
86605.03 	 1.318133
86619.67 	 1.317709
86634.32 	 1.317274
86641.64 	 1.317051
86648.96 	 1.316824
86656.28 	 1.316593
86663.6 	 1.316358
86670.92 	 1.316118
86678.24 	 1.315874
86685.08 	 1.315642
86691.91 	 1.315406
86698.75 	 1.315166
86705.58 	 1.314925
86709.0 	 1.314805
86712.42 	 1.314686
86715.84 	 1.314569
86719.25 	 1.314455
86722.67 	 1.314346
86726.08 	 1.314244
86729.5 	 1.314153
86732.91 	 1.314081
86736.58 	 1.314034
86738.41 	 1.31403
86740.24 	 1.314045
86742.07 	 1.314086
86743.9 	 1.314165
86745.73 	 1.314298
86747.56 	 1.31451
86749.39 	 1.314834
86751.22 	 1.315323
86752.14 	 1.315652
86753.05 	 1.316047
86753.97 	 1.316531
86754.88 	 1.317109
86755.8 	 1.317811
86756.71 	 1.318643
86757.63 	 1.319649
86758.54 	 1.320832
86759.46 	 1.32225
86760.37 	 1.323908
86761.29 	 1.325879
86762.2 	 1.328162
86763.24 	 1.331238
86764.28 	 1.334879
86765.32 	 1.339165
86766.35 	 1.344127
86767.39 	 1.349945
86768.43 	 1.356662
86769.47 	 1.364364
86770.5 	 1.373044
86771.54 	 1.382946
86772.58 	 1.394059
86773.62 	 1.406436
86774.65 	 1.419975
86776.73 	 1.451247
86778.8 	 1.487394
86781.0 	 1.530567
86783.19 	 1.576999
86787.58 	 1.671555
86789.9 	 1.716206
86792.22 	 1.752636
86794.9 	 1.780519
86797.0 	 1.789712
86799.42 	 1.785598
86800.84 	 1.776019
86802.25 	 1.761662
86804.47 	 1.730544
86806.68 	 1.691504
86811.12 	 1.600671
86813.34 	 1.554811
86815.55 	 1.511983
86817.27 	 1.481621
86818.98 	 1.45452
86820.69 	 1.430711
86822.4 	 1.410218
86823.26 	 1.401128
86824.11 	 1.392909
86824.97 	 1.385334
86825.82 	 1.378541
86826.68 	 1.372329
86827.53 	 1.366801
86828.39 	 1.36178
86829.24 	 1.35734
86830.25 	 1.35268
86831.26 	 1.348621
86832.27 	 1.345095
86833.27 	 1.342069
86834.28 	 1.339423
86835.28 	 1.337158
86836.29 	 1.335179
86837.29 	 1.333485
86838.1 	 1.332279
86838.91 	 1.331204
86839.72 	 1.330243
86840.52 	 1.329393
86841.63 	 1.328353
86842.74 	 1.327451
86843.85 	 1.326663
86844.96 	 1.32597
86846.07 	 1.325356
86847.18 	 1.324808
86849.39 	 1.323873
86851.61 	 1.323091
86853.82 	 1.322426
86856.04 	 1.321844
86858.25 	 1.321331
86860.47 	 1.320869
86862.68 	 1.320453
86867.11 	 1.31972
86871.54 	 1.319095
86875.97 	 1.31855
86880.81 	 1.318026
86885.64 	 1.317562
86890.48 	 1.317144
86895.31 	 1.316766
86900.15 	 1.316417
86904.98 	 1.316096
86909.82 	 1.315797
86914.65 	 1.315517
86924.32 	 1.315002
86933.99 	 1.314538
86943.66 	 1.314111
86953.32 	 1.313713
86964.61 	 1.313278
86975.89 	 1.312869
86987.17 	 1.31248
86998.45 	 1.312107
87009.73 	 1.311748
87021.01 	 1.311401
87032.29 	 1.311063
87043.57 	 1.310733
87066.14 	 1.310094
87088.7 	 1.309475
87111.26 	 1.308872
87133.82 	 1.308282
87169.28 	 1.307373
87204.73 	 1.306484
87240.18 	 1.305609
87275.63 	 1.304743
87311.08 	 1.303886
87346.53 	 1.303036
87417.43 	 1.301351
87501.23 	 1.299379
87585.03 	 1.297421
87752.63 	 1.293534
87920.23 	 1.289676
88087.82 	 1.285833
88423.01 	 1.27818
88758.2 	 1.270573
89428.58 	 1.255387
90098.96 	 1.240263
92574.22 	 1.184739
95049.48 	 1.128992
100000.0 	 1.017271
104637.3 	 0.9096739
109274.6 	 0.7986895
113911.9 	 0.68395
118549.2 	 0.5656422
123186.5 	 0.4447529
127823.8 	 0.3235253
132461.1 	 0.2068177
134779.8 	 0.1528483
135939.1 	 0.1271862
137098.4 	 0.1031476
137881.8 	 0.08810023
138665.1 	 0.0739381
139448.4 	 0.06073805
140231.7 	 0.04852149
141015.1 	 0.03776865
141406.8 	 0.03296359
141798.4 	 0.0285175
142190.1 	 0.02444411
142581.7 	 0.02080865
142973.4 	 0.01765681
143365.0 	 0.01496576
143584.4 	 0.01369558
143803.7 	 0.01259296
144023.0 	 0.011657
144242.3 	 0.01089254
144461.7 	 0.01030431
144681.0 	 0.009898002
144900.3 	 0.009678765
145119.6 	 0.009658447
145292.0 	 0.009812918
145464.3 	 0.01007719
145636.7 	 0.01044704
145809.0 	 0.01099091
146153.7 	 0.01245172
146326.0 	 0.01340841
146498.3 	 0.01452282
146670.7 	 0.01575806
146843.0 	 0.01715554
147187.6 	 0.02045809
147532.3 	 0.02442123
147876.9 	 0.02903633
148174.6 	 0.03365789
148472.3 	 0.03884276
149067.6 	 0.05101189
149663.0 	 0.06564695
150258.3 	 0.08321725
150556.0 	 0.0929797
150853.7 	 0.103715
151151.4 	 0.1148794
151449.0 	 0.1273599
152044.3 	 0.1543987
152639.6 	 0.1851309
153109.6 	 0.2124329
153579.6 	 0.2424647
154049.6 	 0.2753578
154519.6 	 0.3112864
155459.6 	 0.392999
155929.6 	 0.4391841
156399.5 	 0.4903926
157339.5 	 0.6026831
158279.5 	 0.7331289
159219.5 	 0.8838575
160159.4 	 1.057364
160955.4 	 1.226904
161751.4 	 1.415585
162547.4 	 1.62454
163343.3 	 1.85508
164139.3 	 2.109954
164935.3 	 2.399015
166527.2 	 3.053207
167323.2 	 3.426654
168119.2 	 3.838264
169711.1 	 4.747475
171303.1 	 5.810732
172895.0 	 6.951247
174531.0 	 8.24065
176166.9 	 9.545279
177802.9 	 10.82314
179438.8 	 12.03148
181620.1 	13.346
183801.3 	 14.25755
185982.6 	 14.74129
188163.8 	 14.84326
191862.1 	 14.37434
195560.3 	 13.51171
197409.5 	 13.01987
199258.6 	 12.51951
202956.8 	 11.5579
204806.0 	 11.10557
206655.1 	 10.68603
208504.2 	 10.2806
210353.3 	 9.917935
212202.4 	 9.570658
214051.5 	 9.249885
217749.7 	 8.671482
220084.7 	 8.354865
222419.6 	 8.062264
224754.6 	 7.791869
227089.5 	 7.54215
231759.4 	 7.110887
236429.3 	 6.736797
241099.2 	 6.42021
245769.1 	 6.141169
250439.0 	 5.903516
255108.9 	 5.685444
259778.8 	 5.49922
264448.7 	 5.330027
269118.6 	 5.176169
273788.5 	 5.03604
283128.3 	 4.798459
287798.2 	 4.691847
292468.0 	 4.594556
294608.4 	 4.55251
295678.6 	 4.531941
296213.7 	 4.52177
296481.3 	 4.516712
296748.8 	 4.511672
296900.9 	 4.50882
297052.9 	 4.505983
297204.9 	 4.50316
297356.9 	 4.500352
297508.9 	 4.497577
297584.9 	 4.496206
297660.9 	 4.494851
297736.9 	 4.493515
297812.9 	 4.492205
297888.9 	 4.490935
297964.9 	 4.489721
298010.6 	 4.489028
298056.2 	 4.488376
298101.8 	 4.487775
298147.4 	 4.487242
298193.0 	 4.486799
298215.8 	 4.486626
298238.6 	 4.486494
298261.4 	 4.486411
298284.2 	 4.486387
298307.0 	 4.486439
298329.8 	 4.486584
298351.1 	 4.486828
298372.4 	 4.487205
298393.7 	 4.487751
298414.9 	 4.488517
298436.2 	 4.489596
298446.9 	 4.49029
298457.5 	 4.491102
298468.2 	 4.492073
298478.8 	 4.493216
298489.4 	 4.494578
298500.0 	 4.496211
298511.5 	 4.498366
298522.9 	 4.501007
298534.3 	 4.504311
298545.7 	 4.508509
298551.4 	 4.511046
298557.1 	 4.513951
298562.8 	 4.5173
298568.5 	 4.521191
298574.2 	 4.525752
298579.9 	 4.53116
298585.6 	 4.537662
298591.3 	 4.545625
298594.6 	 4.551114
298597.8 	 4.557229
298601.0 	 4.564314
298604.2 	 4.572623
298607.5 	 4.582831
298610.7 	 4.594785
298613.9 	 4.609371
298617.1 	 4.627389
298620.4 	 4.650666
298623.6 	 4.679174
298626.8 	 4.715245
298628.4 	 4.736758
298630.0 	 4.760988
298631.7 	 4.790079
298633.3 	 4.820991
298634.9 	 4.855724
298636.5 	 4.894696
298638.1 	 4.938345
298639.7 	 4.987132
298641.3 	 5.041533
298642.9 	 5.102034
298644.7 	 5.178001
298646.4 	 5.258029
298648.1 	 5.346675
298649.8 	 5.444468
298653.2 	 5.669342
298656.6 	 5.935551
298660.0 	 6.244307
298663.4 	 6.594519
298666.8 	 6.982256
298670.2 	 7.40037
298677.5 	 8.347441
298684.8 	 9.233994
298688.9 	 9.638589
298693.0 	 9.938205
298696.5 	 10.09332
298700.0 	 10.14597
298704.0 	 10.07698
298708.0 	 9.87558
298712.5 	 9.509934
298716.9 	 9.041068
298733.5 	 6.944748
298737.0 	 6.549194
298740.5 	 6.194052
298744.0 	 5.883172
298747.5 	 5.617298
298749.3 	 5.497604
298751.0 	 5.39471
298752.8 	 5.296005
298754.5 	 5.211928
298756.3 	 5.131966
298758.0 	 5.0644
298759.7 	 5.003963
298761.4 	 4.950069
298763.2 	 4.899496
298764.9 	 4.857278
298766.7 	 4.817848
298768.4 	 4.78506
298770.2 	 4.754528
298771.9 	 4.729195
298773.7 	 4.705632
298775.4 	 4.686084
298777.2 	 4.667888
298778.9 	 4.652765
298782.4 	 4.62687
298785.9 	 4.606556
298789.4 	 4.590421
298792.9 	 4.577415
298796.4 	 4.56676
298799.9 	 4.557892
298803.4 	 4.550394
298806.9 	 4.543966
298810.4 	 4.538388
298817.3 	 4.529278
298822.4 	 4.523765
298827.4 	 4.519122
298832.5 	 4.515009
298837.6 	 4.51141
298847.7 	 4.505469
298855.4 	 4.501758
298863.0 	 4.498629
298870.6 	 4.495924
298878.2 	 4.493566
298885.9 	 4.491468
298893.5 	 4.489635
298908.7 	 4.486539
298924.0 	 4.484008
298939.2 	 4.481924
298954.5 	 4.480154
298969.7 	 4.478642
298986.3 	 4.47721
299002.8 	 4.475964
299019.3 	 4.47486
299035.8 	 4.473869
299052.3 	 4.472971
299068.8 	 4.47215
299101.8 	 4.470685
299134.9 	 4.469397
299167.9 	 4.468244
299200.9 	 4.467181
299233.9 	 4.466188
299272.1 	 4.465105
299310.2 	 4.464079
299348.3 	 4.463095
299386.4 	 4.462141
299424.5 	 4.461211
299462.6 	 4.460299
299538.8 	 4.458513
299615.0 	 4.456755
299691.2 	 4.455009
299767.4 	 4.453261
299843.6 	 4.451502
299965.6 	 4.448635
300087.5 	 4.445649
300209.5 	 4.442535
300331.4 	 4.439234
300407.7 	 4.437007
300483.9 	 4.434618
300560.1 	 4.432019
300636.3 	 4.429138
300712.6 	 4.425887
300750.7 	 4.424054
300788.8 	 4.422049
300826.9 	 4.41983
300865.0 	 4.417342
300903.1 	 4.414509
300941.2 	 4.411239
300964.1 	 4.408996
300987.0 	 4.406476
301009.9 	 4.403619
301032.7 	 4.400358
301055.6 	 4.396553
301067.0 	 4.394414
301078.4 	 4.392078
301089.9 	 4.389489
301101.3 	 4.386648
301112.7 	 4.383482
301124.1 	 4.379926
301131.8 	 4.377264
301139.4 	 4.374395
301147.0 	 4.37125
301154.6 	 4.367784
301162.3 	 4.363888
301169.9 	 4.359591
301177.5 	 4.354753
301185.1 	 4.349253
301192.8 	 4.342839
301196.6 	 4.339292
301200.4 	 4.335444
301203.6 	 4.331936
301206.8 	 4.32815
301210.0 	 4.324045
301213.1 	 4.319719
301216.3 	 4.314835
301219.5 	 4.309457
301222.7 	 4.3035
301225.8 	 4.297081
301227.4 	 4.293483
301229.0 	 4.289671
301230.6 	 4.285625
301232.2 	 4.281328
301233.8 	 4.276759
301235.4 	 4.271898
301237.0 	 4.266723
301238.5 	 4.261567
301240.1 	 4.255722
301241.7 	 4.249498
301243.3 	 4.242874
301244.9 	 4.235831
301246.5 	 4.228349
301248.1 	 4.220414
301249.7 	 4.212012
301251.2 	 4.203704
301253.0 	 4.193181
301254.7 	 4.182691
301256.5 	 4.171014
301258.2 	 4.159474
301260.0 	 4.146752
301261.7 	 4.134315
301263.5 	 4.120773
301265.2 	 4.107713
301268.7 	 4.080433
301272.2 	 4.053529
301275.7 	 4.028327
301279.2 	 4.006373
301293.1 	 3.983551
301297.0 	 4.00326
301300.8 	 4.034877
301303.5 	 4.064451
301306.1 	 4.097984
301308.0 	 4.125246
301309.7 	 4.151329
301313.8 	 4.219215
301315.0 	 4.239994
301317.7 	 4.287422
301320.4 	 4.334824
301324.9 	 4.410736
301329.3 	 4.477516
301338.3 	 4.579576
301342.8 	 4.611075
301347.2 	 4.630057
301349.4 	 4.635673
301351.5 	 4.638932
301353.7 	 4.640406
301355.8 	 4.640212
301358.0 	 4.638592
301360.1 	 4.635931
301362.2 	 4.632395
301364.3 	 4.628179
301366.5 	 4.623222
301368.6 	 4.618133
301370.7 	 4.612827
301372.8 	 4.607414
301375.0 	 4.601725
301377.1 	 4.596353
301379.2 	 4.591093
301381.3 	 4.585987
301382.9 	 4.582217
301384.4 	 4.578787
301385.9 	 4.575462
301387.4 	 4.572246
301389.0 	 4.568938
301390.5 	 4.565949
301393.5 	 4.560298
301396.6 	 4.554895
301399.6 	 4.550063
301402.7 	 4.545447
301405.7 	 4.541311
301408.8 	 4.537348
301411.8 	 4.533782
301414.9 	 4.530347
301417.9 	 4.527242
301424.0 	 4.521505
301430.0 	 4.516503
301436.5 	 4.511675
301443.0 	 4.507359
301449.5 	 4.503473
301456.0 	 4.499951
301462.5 	 4.496742
301469.0 	 4.493801
301482.0 	 4.488595
301492.6 	 4.484897
301503.2 	 4.481599
301513.8 	 4.478636
301524.3 	 4.475979
301534.9 	 4.473539
301545.5 	 4.471307
301566.6 	 4.467382
301587.8 	 4.463997
301608.9 	 4.461064
301630.0 	 4.458471
301651.1 	 4.456151
301682.0 	 4.453155
301712.9 	 4.450541
301743.8 	 4.448227
301774.7 	 4.446161
301805.6 	 4.444292
301836.5 	 4.442569
301898.2 	 4.439502
301960.0 	 4.436816
302021.8 	 4.434417
302145.3 	 4.430234
302249.4 	 4.427124
302353.4 	 4.424295
302561.5 	 4.41917
302769.6 	 4.414508
302977.6 	 4.410153
303302.8 	 4.403762
303627.9 	 4.397636
304278.2 	 4.385991
305578.7 	 4.363877
308179.7 	 4.321848
313381.8 	 4.244064
323786.0 	 4.103913
334190.2 	 3.983249
344594.3 	 3.871764
347923.6 	 3.839522
349588.3 	 3.823826
350420.6 	 3.81609
351252.9 	 3.808436
351799.2 	 3.803472
352072.3 	 3.801008
352345.4 	 3.798568
352618.6 	 3.796157
352755.2 	 3.794966
352891.7 	 3.793788
353028.3 	 3.792628
353164.8 	 3.791496
353301.4 	 3.790397
353437.9 	 3.789352
353512.7 	 3.788813
353587.5 	 3.7883
353662.3 	 3.787833
353737.0 	 3.787424
353811.8 	 3.787094
353849.2 	 3.78697
353886.6 	 3.786881
353924.0 	 3.786836
353961.4 	 3.786844
353998.8 	 3.786917
354036.1 	 3.787074
354068.7 	 3.787304
354101.2 	 3.787645
354133.7 	 3.788128
354166.2 	 3.788799
354198.7 	 3.789726
354215.0 	 3.790315
354231.2 	 3.791004
354247.5 	 3.79182
354263.7 	 3.792779
354280.0 	 3.793926
354296.2 	 3.795295
354313.3 	 3.797051
354330.4 	 3.799215
354347.5 	 3.801912
354364.5 	 3.805298
354373.1 	 3.807356
354381.6 	 3.809671
354390.1 	 3.812319
354398.6 	 3.815366
354407.2 	 3.818941
354415.7 	 3.823071
354424.2 	 3.827939
354432.7 	 3.833738
354441.7 	 3.841189
354450.6 	 3.850314
354459.6 	 3.861983
354464.1 	 3.869048
354468.5 	 3.876982
354473.0 	 3.886397
354477.5 	 3.897476
354482.0 	 3.910701
354486.4 	 3.926358
354490.9 	 3.946092
354495.3 	 3.970298
354499.8 	 4.001901
354502.0 	 4.020602
354504.2 	 4.041921
354506.7 	 4.069866
354509.1 	 4.10106
354511.6 	 4.138902
354514.0 	 4.181224
354516.5 	 4.23257
354518.9 	 4.289897
354521.3 	 4.35623
354523.7 	 4.432764
354526.2 	 4.524683
354528.6 	 4.625959
354531.1 	 4.746419
354533.5 	 4.877686
354536.0 	 5.031907
354538.4 	 5.197712
354540.8 	 5.381614
354543.2 	 5.584001
354546.1 	 5.853204
354548.9 	 6.137946
354554.6 	 6.784614
354566.0 	 8.22485
354572.9 	 9.04281
354576.4 	 9.394564
354579.8 	 9.67636
354584.9 	 9.962767
354590.0 	 10.06177
354593.4 	 10.01792
354596.7 	 9.892924
354600.0 	 9.692031
354603.3 	 9.42353
354607.1 	 9.044654
354610.9 	 8.609507
354618.5 	 7.651926
354625.1 	 6.822967
354628.4 	 6.436082
354631.6 	 6.087315
354634.9 	 5.759119
354638.1 	 5.473636
354641.4 	 5.213694
354644.6 	 4.994354
354647.6 	 4.816495
354650.5 	 4.668257
354653.4 	 4.541223
354656.3 	 4.433174
354659.3 	 4.33898
354662.2 	 4.262662
354665.1 	 4.198742
354668.0 	 4.145332
354671.0 	 4.099344
354673.9 	 4.062324
354676.8 	 4.031329
354679.7 	 4.005286
354682.6 	 3.983296
354685.5 	 3.964617
354688.4 	 3.948643
354691.3 	 3.934882
354694.3 	 3.92255
354697.2 	 3.912144
354703.0 	 3.894823
354708.9 	 3.880776
354714.7 	 3.869506
354720.6 	 3.859965
354726.4 	 3.852039
354732.3 	 3.845137
354738.1 	 3.83927
354744.0 	 3.834063
354749.8 	 3.829564
354761.5 	 3.82197
354773.2 	 3.815896
354784.9 	 3.810949
354795.3 	 3.807277
354805.6 	 3.804171
354815.9 	 3.801492
354826.2 	 3.799162
354836.5 	 3.797122
354846.8 	 3.795322
354867.4 	 3.792299
354888.1 	 3.78985
354908.7 	 3.787843
354929.3 	 3.786163
354949.9 	 3.784737
354972.0 	 3.783428
354994.0 	 3.782305
355016.0 	 3.781324
355038.0 	 3.780458
355060.0 	 3.779686
355082.0 	 3.778993
355126.0 	 3.777785
355170.1 	 3.776749
355214.1 	 3.775847
355258.1 	 3.775044
355302.1 	 3.774316
355357.2 	 3.773485
355412.2 	 3.772722
355467.3 	 3.77201
355522.3 	 3.771342
355577.4 	 3.770696
355632.4 	 3.770078
355742.4 	 3.768897
355852.5 	 3.767769
355962.5 	 3.766681
356072.6 	 3.765622
356182.6 	 3.764577
356303.7 	 3.763449
356424.8 	 3.762334
356666.9 	 3.760136
356909.1 	 3.75797
357151.2 	 3.755821
357393.4 	 3.753686
357635.5 	 3.751568
358119.7 	 3.747355
358725.1 	 3.742136
359330.4 	 3.736973
360541.1 	 3.726723
362962.5 	 3.706549
367805.2 	 3.668173
377490.7 	 3.594513
387176.2 	 3.527129
396861.7 	 3.463886
398270.5 	 3.454983
398556.7 	 3.453147
398842.9 	 3.451274
398986.0 	 3.450309
399129.1 	 3.449299
399200.7 	 3.448766
399272.2 	 3.448205
399308.0 	 3.447906
399343.7 	 3.44759
399379.5 	 3.447252
399397.4 	 3.447072
399415.2 	 3.446883
399433.8 	 3.446673
399452.4 	 3.446447
399471.0 	 3.446202
399489.5 	 3.445932
399498.8 	 3.445784
399508.1 	 3.445626
399517.4 	 3.445456
399526.6 	 3.445274
399535.9 	 3.445072
399545.2 	 3.44485
399549.9 	 3.444728
399554.5 	 3.444602
399559.1 	 3.44447
399563.7 	 3.444332
399567.2 	 3.444224
399570.6 	 3.444119
399572.4 	 3.444064
399574.1 	 3.444012
399575.8 	 3.443963
399577.5 	 3.443916
399579.3 	 3.443869
399581.0 	 3.44383
399582.7 	 3.443796
399584.4 	 3.44377
399586.1 	 3.443752
399587.8 	 3.443747
399589.5 	 3.443755
399591.2 	 3.443781
399593.0 	 3.443831
399594.7 	 3.443904
399596.4 	 3.444007
399598.1 	 3.444146
399599.9 	 3.444338
399601.6 	 3.444569
399603.3 	 3.444857
399605.0 	 3.44521
399606.8 	 3.445664
399608.5 	 3.446181
399610.2 	 3.446793
399611.9 	 3.447512
399613.6 	 3.448351
399615.3 	 3.449322
399617.0 	 3.45044
399618.7 	 3.451717
399620.6 	 3.45335
399622.4 	 3.455114
399624.2 	 3.457105
399626.0 	 3.459339
399627.8 	 3.46183
399629.6 	 3.464589
399633.2 	 3.47095
399636.8 	 3.478472
399640.4 	 3.487147
399644.0 	 3.496899
399647.6 	 3.507573
399655.2 	 3.531978
399662.7 	 3.555772
399666.5 	 3.566448
399670.3 	 3.575501
399674.8 	 3.583497
399677.2 	 3.586358
399678.6 	 3.587541
399679.8 	 3.588263
399680.0 	 3.588357
399680.1 	 3.588401
399680.4 	 3.588522
399680.7 	 3.588625
399681.3 	 3.588781
399682.6 	 3.588881
399685.1 	 3.58817
399690.0 	 3.583453
399690.5 	 3.582739
399692.0 	 3.580355
399694.0 	 3.57665
399699.6 	 3.563577
399705.1 	 3.548063
399710.7 	 3.53115
399716.3 	 3.51458
399719.1 	 3.506795
399721.9 	 3.499489
399724.7 	 3.492735
399727.4 	 3.486789
399730.1 	 3.481421
399732.8 	 3.476632
399735.5 	 3.472407
399738.1 	 3.468848
399740.8 	 3.465645
399743.4 	 3.462996
399744.8 	 3.461733
399746.1 	 3.460654
399747.4 	 3.459661
399748.7 	 3.458748
399750.1 	 3.457849
399751.4 	 3.457087
399752.7 	 3.456389
399754.0 	 3.455751
399755.4 	 3.455126
399756.7 	 3.454599
399758.0 	 3.454118
399759.3 	 3.453679
399760.7 	 3.453251
399762.0 	 3.45289
399763.3 	 3.45256
399764.6 	 3.45226
399766.0 	 3.451967
399767.3 	 3.451719
399768.6 	 3.451492
399769.9 	 3.451284
399771.6 	 3.451039
399773.2 	 3.450831
399774.9 	 3.450632
399776.5 	 3.450463
399778.2 	 3.450299
399779.8 	 3.450159
399781.5 	 3.450022
399783.1 	 3.449903
399784.8 	 3.449786
399786.4 	 3.449684
399789.7 	 3.449492
399793.0 	 3.449322
399796.3 	 3.449169
399799.6 	 3.449029
399802.9 	 3.448899
399809.5 	 3.448665
399816.1 	 3.448456
399822.6 	 3.44827
399829.2 	 3.448098
399835.8 	 3.447939
399848.9 	 3.447655
399862.1 	 3.447402
399875.2 	 3.447177
399889.4 	 3.446955
399903.6 	 3.446752
399917.8 	 3.446564
399931.9 	 3.446389
399960.3 	 3.446066
399988.6 	 3.445772
400017.0 	 3.445499
400045.3 	 3.445242
400102.0 	 3.444765
400158.7 	 3.444317
400215.4 	 3.443893
400328.8 	 3.443084
400507.0 	 3.44188
400685.2 	 3.440716
401041.6 	 3.438462
401754.4 	 3.434037
403698.5 	 3.422263
405642.5 	 3.410766
409530.5 	 3.388174
417306.5 	 3.344492
432858.6 	 3.262489
452558.0 	 3.168432
462407.7 	 3.124468
472257.3 	 3.082131
482107.0 	 3.042233
491956.6 	 3.005196
496881.5 	 2.988178
501806.3 	 2.972577
506731.1 	 2.959003
511655.9 	 2.948537
515155.2 	 2.944546
516904.8 	 2.944085
517779.6 	 2.94412
518654.4 	 2.945055
520404.0 	 2.947696
522153.6 	 2.953346
523028.4 	 2.957634
523903.2 	 2.963511
524778.0 	 2.970987
525652.8 	 2.981005
526138.8 	 2.988106
526624.8 	 2.996634
527110.8 	 3.006982
527596.8 	 3.019724
527839.8 	 3.026969
528082.8 	 3.035348
528325.8 	 3.044828
528568.8 	 3.055628
528811.8 	 3.068031
529054.8 	 3.082409
529297.8 	 3.099264
529540.8 	 3.119286
529735.2 	 3.13845
529929.6 	 3.160223
530124.0 	 3.186582
530318.4 	 3.218133
530512.8 	 3.256952
530610.0 	 3.279637
530707.2 	 3.305057
530804.4 	 3.33396
530901.6 	 3.366878
530998.8 	 3.404298
531096.0 	 3.447374
531193.2 	 3.497874
531290.4 	 3.556114
531387.6 	 3.62635
531484.8 	 3.710904
531582.0 	 3.814188
531630.6 	 3.874686
531679.2 	 3.942375
531727.8 	 4.018496
531776.4 	 4.104534
531825.0 	 4.202289
531873.6 	 4.314027
531930.3 	 4.465892
531987.0 	 4.646402
532043.7 	 4.862236
532100.4 	 5.121635
532157.1 	 5.442102
532185.5 	 5.630336
532213.8 	 5.839623
532242.2 	 6.074497
532270.5 	 6.336738
532298.9 	 6.632024
532327.2 	 6.962396
532373.0 	 7.584362
532418.8 	 8.328143
532464.6 	 9.200601
532510.4 	 10.18376
532602.0 	 12.17846
532647.8 	 12.86722
532670.7 	 13.04247
532693.5 	 13.07901
532727.0 	 12.86789
532752.9 	 12.49888
532778.7 	 11.98157
532830.4 	 10.66388
532882.1 	 9.261497
532933.7 	 7.969145
532985.4 	 6.881696
533011.2 	 6.425505
533037.0 	 6.025087
533062.9 	 5.673067
533088.7 	 5.365774
533114.5 	 5.096377
533140.3 	 4.860215
533173.5 	 4.598971
533206.7 	 4.378501
533239.9 	 4.190029
533273.0 	 4.028322
533306.2 	 3.888906
533339.4 	 3.76885
533372.6 	 3.665056
533405.7 	 3.575217
533472.1 	 3.428024
533538.4 	 3.314867
533604.8 	 3.226481
533671.1 	 3.156847
533730.8 	 3.106323
533790.5 	 3.064818
533850.2 	 3.030565
533909.9 	 3.002676
533969.6 	 2.978824
534029.3 	 2.958706
534089.0 	 2.941606
534148.7 	 2.927356
534268.1 	 2.904815
534387.5 	 2.8885
534506.9 	 2.876682
534626.3 	 2.86816
534732.5 	 2.862657
534838.6 	 2.858648
534984.6 	2.855
535130.5 	 2.853141
535276.5 	 2.852113
535422.4 	 2.852152
535568.4 	 2.852793
535714.3 	 2.853867
536006.2 	 2.857193
536298.1 	 2.861367
536590.0 	 2.866106
536881.9 	 2.871204
537173.7 	 2.876446
537704.4 	 2.886375
538235.1 	 2.896591
538765.8 	 2.90706
539296.5 	 2.91793
539827.2 	 2.929019
540357.9 	 2.940666
541419.3 	 2.965487
542162.3 	 2.984756
542905.3 	 3.005838
544391.3 	 3.055542
545877.3 	 3.116858
546620.3 	 3.151096
547363.2 	 3.194246
548106.2 	 3.237402
548849.2 	 3.289522
550335.1 	 3.418068
551821.1 	 3.587551
552564.1 	 3.692377
553307.0 	 3.814266
554498.7 	 4.060894
555094.5 	 4.205824
555690.3 	 4.375957
556881.9 	 4.793723
557477.7 	 5.046831
558073.5 	 5.349725
558669.4 	 5.691097
559265.2 	 6.07367
560456.8 	 7.047378
561648.4 	 8.280458
562840.0 	 9.720381
563525.0 	 10.58575
564210.0 	 11.39079
564895.0 	 12.04616
565580.0 	 12.4658
566265.0 	 12.59358
566877.4 	 12.44624
567489.7 	 12.09303
568714.3 	 10.98718
569938.9 	 9.710449
571163.5 	 8.507597
571775.8 	 7.9836
572388.1 	 7.504131
573000.4 	 7.06338
573612.7 	 6.690387
574225.0 	 6.34185
574837.3 	 6.039815
576061.9 	 5.521188
576749.7 	 5.28582
577437.5 	 5.071593
578125.3 	 4.876946
578813.0 	 4.709084
579500.8 	 4.556035
580188.5 	 4.414786
580876.3 	 4.288425
581564.0 	 4.170159
582001.7 	 4.100407
582439.4 	 4.033509
582877.1 	 3.968925
583095.9 	 3.937165
583314.7 	 3.906224
583533.6 	 3.875288
583752.4 	 3.84481
583971.2 	 3.814584
584190.0 	 3.784509
584408.9 	 3.754504
584627.7 	 3.724527
584846.5 	 3.694503
585065.3 	 3.664352
585198.2 	 3.645962
585331.1 	 3.627515
585464.0 	 3.609027
585596.8 	 3.590551
585729.7 	 3.572142
585796.2 	 3.562992
585862.6 	 3.553934
585929.1 	 3.544995
585995.5 	 3.536246
586061.9 	 3.527748
586128.3 	 3.519604
586190.9 	 3.512381
586253.4 	 3.505784
586315.9 	 3.500045
586378.4 	 3.495513
586425.3 	 3.493164
586472.2 	 3.492035
586519.1 	 3.492656
586566.0 	 3.495601
586612.9 	 3.501731
586636.4 	 3.506383
586659.8 	 3.51234
586683.3 	 3.519922
586706.7 	 3.529402
586730.1 	 3.54123
586753.5 	 3.555944
586780.9 	 3.577766
586808.2 	 3.605783
586835.6 	 3.64212
586862.9 	 3.689361
586890.3 	 3.752055
586904.0 	 3.7909
586917.6 	 3.835606
586931.3 	 3.887971
586945.0 	 3.94909
586958.7 	 4.020656
586972.3 	 4.104043
586983.9 	 4.18666
586995.4 	 4.280767
587007.0 	 4.389883
587018.5 	 4.514147
587030.1 	 4.657829
587041.6 	 4.820442
587053.2 	 5.006448
587064.7 	 5.21348
587087.8 	 5.693746
587110.9 	 6.232024
587134.0 	 6.756836
587145.5 	 6.980511
587157.0 	 7.16023
587170.0 	 7.295173
587183.0 	 7.346555
587201.1 	 7.274372
587219.2 	 7.054612
587237.3 	 6.731069
587255.4 	 6.355656
587273.5 	 5.973542
587291.6 	 5.615496
587309.7 	 5.297474
587327.8 	 5.024238
587339.3 	 4.873171
587350.7 	 4.739304
587362.1 	 4.619794
587373.5 	 4.513124
587385.0 	 4.417019
587396.4 	 4.331759
587419.2 	 4.186305
587442.1 	 4.06725
587464.9 	 3.969533
587487.7 	 3.888009
587510.5 	 3.819195
587530.7 	 3.766699
587550.9 	 3.720663
587571.1 	 3.67996
587591.2 	 3.643866
587611.4 	 3.611314
587631.5 	 3.582068
587671.8 	 3.531065
587712.1 	 3.487734
587752.4 	 3.450058
587792.7 	 3.416769
587833.0 	 3.386863
587873.4 	 3.359509
587913.7 	 3.334262
587954.0 	 3.310604
587994.3 	 3.288186
588034.6 	 3.266729
588074.9 	 3.246008
588155.5 	 3.206099
588236.2 	 3.167131
588316.8 	 3.128391
588397.4 	 3.089153
588478.0 	 3.048808
588542.5 	 3.01534
588607.0 	 2.980507
588736.0 	 2.905622
588832.8 	 2.843502
588929.5 	 2.774935
589026.3 	 2.698183
589123.0 	 2.611423
589219.8 	 2.511957
589316.5 	 2.396993
589364.9 	 2.332818
589413.3 	 2.262601
589461.7 	 2.185959
589510.0 	 2.102445
589569.2 	 1.989333
589628.3 	 1.86322
589687.4 	 1.722722
589717.0 	 1.646781
589746.5 	 1.567506
589776.1 	 1.484662
589805.7 	 1.399096
589835.3 	 1.311804
589864.8 	 1.224661
589894.4 	 1.139469
589923.9 	 1.060223
589953.5 	 0.9910085
589983.0 	 0.9387353
590004.5 	 0.9164811
590026.0 	 0.9127521
590050.8 	 0.9382309
590063.2 	 0.9654507
590075.5 	 1.003432
590087.9 	 1.053873
590100.3 	 1.117545
590112.7 	 1.195384
590125.0 	 1.28737
590137.4 	 1.395579
590149.8 	 1.519639
590174.5 	 1.813437
590199.3 	 2.165525
590224.0 	 2.560391
590257.0 	 3.125758
590294.2 	 3.759402
590331.3 	 4.325813
590368.4 	 4.784136
590405.5 	 5.12022
590442.7 	 5.343086
590479.8 	 5.472071
590516.9 	 5.531034
590554.0 	 5.540492
590586.0 	 5.521955
590617.9 	 5.487571
590649.9 	 5.44259
590681.8 	 5.391217
590713.8 	 5.336052
590745.7 	 5.27949
590777.6 	 5.222761
590809.5 	 5.1668
590841.5 	 5.11205
590873.4 	 5.059234
590937.3 	 4.9595
591001.2 	 4.868237
591065.0 	 4.785328
591120.2 	 4.719752
591175.3 	 4.65959
591230.5 	 4.60447
591285.6 	 4.553225
591340.8 	 4.505699
591395.9 	 4.461575
591506.2 	 4.382471
591616.5 	 4.313535
591726.8 	 4.252898
591837.1 	 4.199127
591947.4 	 4.151101
592069.4 	 4.103593
592191.3 	 4.061052
592435.1 	 3.987928
592557.0 	 3.95608
592678.9 	 3.926817
592800.8 	 3.89945
592922.7 	 3.874415
593166.5 	 3.828994
593410.3 	 3.789275
593654.1 	 3.754462
593897.9 	 3.721938
594199.8 	 3.686702
594501.7 	 3.654992
594803.6 	 3.626081
595105.4 	 3.599564
595709.2 	 3.552651
596312.9 	 3.51262
596916.7 	 3.47673
597218.6 	 3.459645
597520.4 	 3.444386
598124.2 	 3.414974
598727.9 	 3.388079
599238.8 	 3.367231
599494.2 	 3.357255
599749.6 	 3.347698
600005.1 	 3.338375
600260.5 	 3.329436
600388.2 	 3.325086
600515.9 	 3.320841
600643.6 	 3.316684
600771.3 	 3.312619
600881.6 	 3.309213
600991.9 	 3.305917
601102.2 	 3.302747
601212.5 	 3.299735
601322.8 	 3.296928
601378.0 	 3.295625
601433.1 	 3.294404
601488.3 	 3.293279
601543.4 	 3.292264
601598.6 	 3.291411
601653.7 	 3.290754
601703.1 	 3.290375
601752.4 	 3.290251
601801.8 	 3.29046
601851.1 	 3.291111
601900.5 	 3.292358
601925.2 	 3.293268
601949.8 	 3.294418
601974.5 	 3.295878
601999.1 	 3.297704
602023.8 	 3.299994
602048.4 	 3.302837
602073.1 	 3.306407
602097.8 	 3.310896
602122.5 	 3.316583
602147.1 	 3.323823
602171.8 	 3.333237
602184.2 	 3.339029
602196.5 	 3.345669
602208.9 	 3.353456
602221.2 	 3.362505
602233.5 	 3.373183
602245.8 	 3.385892
602259.6 	 3.403243
602273.4 	 3.424894
602287.2 	 3.452399
602294.1 	 3.46904
602301.0 	 3.488119
602307.9 	 3.510149
602314.8 	 3.535791
602321.7 	 3.565894
602328.6 	 3.601564
602335.5 	 3.644239
602342.4 	 3.69578
602349.3 	 3.758576
602356.1 	 3.834407
602363.8 	 3.941501
602367.6 	 4.00443
602371.4 	 4.075109
602375.2 	 4.154399
602379.0 	 4.243184
602382.8 	 4.342337
602386.6 	 4.452689
602394.2 	 4.709842
602401.8 	 5.018669
602409.4 	 5.379206
602417.0 	 5.785633
602433.5 	 6.752078
602441.7 	 7.212793
602449.9 	 7.607283
602455.0 	 7.801349
602460.0 	 7.943594
602465.0 	 8.032206
602470.0 	 8.063332
602475.1 	 8.034469
602480.2 	 7.945745
602485.3 	 7.801211
602490.3 	 7.611514
602500.5 	 7.111091
602510.6 	 6.529542
602522.6 	 5.828524
602528.6 	 5.502186
602534.5 	 5.207289
602540.5 	 4.937995
602546.4 	 4.704854
602552.4 	 4.499533
602558.3 	 4.327022
602563.0 	 4.208644
602567.7 	 4.105438
602572.4 	 4.015749
602577.1 	 3.937949
602581.8 	 3.870493
602586.5 	 3.811963
602591.2 	 3.761089
602595.8 	 3.717632
602600.5 	 3.678748
602605.2 	 3.644614
602614.5 	 3.588409
602623.9 	 3.543419
602633.2 	 3.50755
602642.6 	 3.477855
602652.0 	 3.453199
602661.4 	 3.432461
602670.7 	 3.414993
602680.1 	 3.399813
602689.4 	 3.386788
602698.8 	 3.375284
602708.1 	 3.365271
602726.9 	 3.348343
602745.6 	 3.33488
602764.3 	 3.323912
602783.0 	 3.314833
602808.6 	 3.304697
602834.1 	 3.296543
602859.6 	 3.289814
602885.1 	 3.28417
602910.7 	 3.279352
602936.2 	 3.275217
602961.7 	 3.271608
602987.2 	 3.268423
603014.5 	 3.265395
603041.7 	 3.2627
603069.0 	 3.260263
603096.2 	 3.258059
603150.7 	 3.254153
603205.1 	 3.250764
603252.8 	 3.248116
603300.4 	 3.245707
603348.1 	 3.243478
603395.7 	 3.241403
603443.4 	 3.239446
603491.0 	 3.237593
603586.3 	 3.234129
603668.0 	 3.231358
603749.7 	 3.228713
603831.4 	 3.226174
603913.1 	 3.223726
604049.3 	 3.219801
604185.4 	 3.216032
604321.6 	 3.212377
604457.7 	 3.208825
604614.3 	 3.204845
604770.9 	 3.200946
604927.5 	 3.197116
605084.1 	 3.193363
605397.3 	 3.186041
605710.4 	 3.178965
606023.6 	 3.172017
606336.7 	 3.165278
606963.0 	 3.15228
607589.4 	 3.139816
608215.7 	 3.127895
609468.3 	 3.105225
610775.5 	 3.083595
612082.6 	 3.063258
614696.8 	 3.026921
617311.1 	 2.993704
619925.3 	 2.963686
625153.8 	 2.912704
630382.3 	 2.868485
635610.8 	 2.830802
640839.3 	 2.796407
651296.2 	 2.735488
658921.1 	 2.696576
666546.0 	 2.66046
674170.9 	 2.62641
681795.8 	 2.59393
689420.7 	 2.562687
697045.6 	 2.532482
704670.5 	 2.503236
708482.9 	 2.488904
710389.1 	 2.481835
712295.3 	 2.474749
712649.4 	 2.473394
713003.4 	 2.471994
713180.4 	 2.471257
713357.4 	 2.470465
713445.9 	 2.470034
713534.4 	 2.469567
713578.7 	 2.46931
713622.9 	 2.469033
713667.2 	 2.468727
713711.4 	 2.468382
713734.4 	 2.46818
713757.4 	 2.467959
713780.4 	 2.467712
713803.3 	 2.467433
713814.8 	 2.467276
713826.3 	 2.467107
713837.8 	 2.466922
713849.3 	 2.466718
713860.8 	 2.46649
713872.3 	 2.466235
713878.1 	 2.466093
713883.8 	 2.465944
713889.5 	 2.465785
713895.2 	 2.465616
713899.7 	 2.465476
713904.2 	 2.46533
713906.5 	 2.465253
713908.7 	 2.46518
713910.9 	 2.465105
713913.1 	 2.465031
713915.4 	 2.464954
713917.6 	 2.464881
713919.9 	 2.464807
713922.1 	 2.46474
713924.4 	 2.464673
713926.6 	 2.464614
713928.8 	 2.464561
713931.0 	 2.464517
713933.3 	 2.464481
713935.5 	 2.464459
713937.8 	 2.464452
713940.0 	 2.464463
713942.3 	 2.464496
713944.5 	 2.464552
713946.7 	 2.464635
713948.9 	 2.46475
713951.2 	 2.464908
713953.4 	 2.4651
713955.6 	 2.465336
713957.8 	 2.465623
713960.1 	 2.465981
713962.3 	 2.466384
713964.5 	 2.466854
713966.7 	 2.467393
713971.0 	 2.468671
713975.2 	 2.470231
713979.5 	 2.472177
713983.7 	 2.474436
713988.0 	 2.477123
713992.2 	 2.480106
714000.7 	 2.487109
714010.1 	 2.495885
714019.4 	 2.504705
714024.1 	 2.508839
714028.8 	 2.512545
714033.9 	 2.515916
714037.3 	 2.517711
714040.0 	 2.518849
714040.5 	 2.519031
714041.9 	 2.51949
714043.2 	 2.519849
714046.8 	 2.520508
714052.4 	 2.520539
714056.8 	 2.519743
714061.3 	 2.518244
714063.0 	 2.517514
714067.9 	 2.514975
714072.7 	 2.511973
714082.4 	 2.504966
714091.7 	 2.497962
714096.3 	 2.494663
714100.9 	 2.491574
714105.5 	 2.488742
714110.1 	 2.486197
714112.4 	 2.485035
714114.7 	 2.483948
714117.0 	 2.482933
714119.3 	 2.481991
714121.8 	 2.481045
714124.2 	 2.480211
714126.6 	 2.479446
714129.0 	 2.478746
714131.5 	 2.478082
714133.9 	 2.477501
714136.3 	 2.476974
714138.7 	 2.476494
714141.2 	 2.476041
714143.6 	 2.475647
714146.0 	 2.47529
714148.4 	 2.474966
714150.8 	 2.47467
714153.2 	 2.474402
714155.6 	 2.474157
714158.0 	 2.473933
714160.5 	 2.47372
714162.9 	 2.473532
714165.3 	 2.473359
714167.7 	 2.473199
714170.2 	 2.473045
714172.6 	 2.472907
714175.0 	 2.472779
714177.4 	 2.472659
714182.3 	 2.472434
714187.1 	 2.472238
714191.9 	 2.47206
714196.7 	 2.471897
714203.3 	 2.471694
714209.9 	 2.47151
714216.5 	 2.471342
714223.1 	 2.471187
714236.3 	 2.470908
714249.5 	 2.470664
714262.7 	 2.470447
714275.9 	 2.470251
714289.1 	 2.470073
714302.3 	 2.469909
714328.7 	 2.469616
714355.1 	 2.469358
714381.5 	 2.469127
714407.8 	 2.468918
714452.7 	 2.468596
714497.6 	 2.468307
714542.5 	 2.468042
714587.3 	 2.467795
714677.0 	 2.467341
714766.7 	 2.466917
714946.1 	 2.466135
715125.5 	 2.465405
715484.3 	 2.464016
715843.1 	 2.462675
716912.7 	 2.458845
717982.2 	 2.455065
720121.2 	 2.447715
724399.3 	 2.433726
728677.4 	 2.420086
732955.4 	 2.408124
737233.5 	 2.397211
741511.5 	 2.388098
745789.6 	 2.381195
750067.6 	 2.377889
755133.7 	 2.381063
757666.8 	 2.385545
760199.8 	 2.393581
762732.9 	 2.405809
765265.9 	 2.421312
766532.5 	 2.43149
767799.0 	 2.443625
769065.5 	 2.457777
769382.2 	 2.461878
769698.8 	 2.466385
770015.4 	 2.471221
770332.0 	 2.476913
770441.1 	 2.47919
770550.2 	 2.481731
770659.3 	 2.48463
770768.3 	 2.488049
770877.4 	 2.492247
770931.9 	 2.494743
770986.4 	 2.497684
771041.0 	 2.50119
771095.5 	 2.505444
771150.0 	 2.510732
771177.3 	 2.513896
771204.5 	 2.517509
771236.2 	 2.522464
771267.9 	 2.528444
771299.6 	 2.535776
771331.2 	 2.544901
771362.9 	 2.556582
771378.7 	 2.563667
771394.5 	 2.571839
771410.4 	 2.581418
771426.2 	 2.592625
771442.0 	 2.605964
771457.8 	 2.622037
771472.8 	 2.640585
771487.8 	 2.66336
771502.8 	 2.691834
771517.7 	 2.727949
771525.2 	 2.750093
771532.7 	 2.77566
771540.2 	 2.80544
771547.6 	 2.839953
771555.1 	 2.881454
771562.6 	 2.931257
771570.1 	 2.991629
771577.5 	 3.06439
771585.9 	 3.167372
771590.1 	 3.228853
771594.2 	 3.296445
771598.4 	 3.374419
771602.6 	 3.462278
771606.8 	 3.561115
771610.9 	 3.669246
771615.1 	 3.793006
771619.3 	 3.930914
771627.6 	 4.248311
771636.0 	 4.633392
771644.3 	 5.076022
771654.0 	 5.660024
771663.6 	 6.28165
771673.3 	 6.909101
771682.9 	 7.47287
771689.7 	 7.804587
771696.5 	 8.057444
771703.3 	 8.215425
771710.0 	 8.268137
771715.0 	 8.238527
771720.0 	 8.150943
771729.9 	 7.820468
771739.8 	 7.320673
771749.7 	 6.713176
771771.7 	 5.297586
771782.7 	 4.684099
771788.2 	 4.416846
771793.7 	 4.177613
771798.8 	 3.980551
771803.9 	 3.806338
771809.0 	 3.653498
771814.1 	 3.520243
771819.2 	 3.404616
771824.3 	 3.304623
771829.4 	 3.21832
771834.5 	 3.143879
771839.6 	 3.079631
771844.7 	 3.024086
771849.8 	 2.975936
771854.9 	 2.934053
771860.0 	 2.897474
771865.1 	 2.865385
771875.3 	 2.812053
771885.5 	 2.769841
771895.7 	 2.735821
771905.9 	 2.707956
771916.1 	 2.68481
771926.3 	 2.665351
771936.5 	 2.648822
771946.7 	 2.634656
771956.9 	 2.62242
771977.3 	 2.602463
771997.7 	 2.587008
772018.1 	 2.574788
772038.4 	 2.565002
772054.1 	 2.558688
772069.8 	 2.553255
772101.2 	 2.544465
772132.6 	 2.537763
772163.9 	 2.532595
772195.3 	 2.528538
772226.7 	 2.525315
772258.1 	 2.522719
772289.4 	 2.520628
772355.3 	 2.517454
772421.2 	 2.515452
772487.1 	 2.514239
772553.0 	 2.513596
772618.9 	 2.51333
772684.8 	 2.513333
772816.5 	 2.513949
772948.3 	 2.515126
773080.1 	 2.516674
773343.6 	 2.520347
773745.2 	 2.526969
774146.8 	 2.534309
774774.4 	 2.546894
775401.9 	 2.5609
776656.9 	 2.590426
777911.9 	 2.624909
779166.9 	 2.667276
781677.0 	 2.760115
784187.0 	 2.883471
786697.1 	 3.0414
789207.1 	 3.246754
791717.2 	 3.517329
794227.2 	 3.861131
796510.1 	 4.269309
798792.9 	 4.771996
801075.8 	 5.377587
803358.6 	 6.120087
805641.5 	 6.888268
807924.3 	 7.684861
810207.2 	 8.389459
812490.0 	 8.895561
814371.3 	 9.088613
815877.6 	 9.081794
817383.8 	 8.967393
820396.3 	 8.494792
823408.8 	 7.839718
826421.3 	 7.16621
829433.8 	 6.542853
832446.3 	 6.006341
833952.6 	 5.767103
835458.8 	 5.554543
836965.1 	 5.356979
838471.3 	 5.174378
839564.4 	 5.055439
840657.5 	 4.946009
841272.4 	 4.889335
841887.3 	 4.837397
842194.8 	 4.813519
842502.2 	 4.791634
842809.7 	 4.773085
843117.1 	 4.759191
843262.3 	 4.755021
843407.5 	 4.753141
843552.7 	 4.754242
843697.9 	 4.759456
843843.1 	 4.77052
843988.3 	 4.789436
844060.9 	 4.803627
844133.5 	 4.821907
844206.1 	 4.845383
844278.6 	 4.875559
844342.7 	 4.909552
844406.7 	 4.952479
844470.8 	 5.007336
844534.8 	 5.077504
844566.9 	 5.120055
844598.9 	 5.168956
844630.9 	 5.22561
844662.9 	 5.291359
844695.0 	 5.368195
844727.0 	 5.457878
844759.0 	 5.563437
844791.0 	 5.688388
844813.8 	 5.791633
844836.5 	 5.908303
844859.3 	 6.041647
844882.0 	 6.193044
844904.8 	 6.366739
844927.5 	 6.564422
844950.3 	 6.791273
844973.0 	 7.048713
844995.8 	 7.342088
845018.5 	 7.671066
845064.0 	 8.44062
845155.0 	 10.14891
845173.8 	 10.43063
845192.5 	 10.64811
845211.3 	 10.78841
845230.0 	 10.83966
845249.1 	 10.79705
845268.2 	 10.66202
845287.3 	 10.44514
845306.3 	 10.16384
845382.5 	 8.73813
845420.7 	 8.045424
845458.8 	 7.44859
845496.9 	 6.95469
845535.0 	 6.554299
845558.0 	 6.351432
845581.0 	 6.173523
845604.0 	 6.017308
845626.9 	 5.880419
845649.9 	 5.759103
845672.8 	 5.652231
845718.7 	 5.472734
845764.6 	 5.329834
845810.5 	 5.2137
845856.4 	 5.117998
845902.3 	 5.03851
845951.5 	 4.967424
846000.7 	 4.907805
846049.9 	 4.857242
846099.1 	 4.813913
846148.3 	 4.776426
846197.5 	 4.743717
846246.7 	 4.715065
846295.8 	 4.689968
846394.2 	 4.646606
846492.6 	 4.610989
846591.0 	 4.581191
846689.3 	 4.555777
846846.7 	 4.521701
847004.1 	 4.493393
847161.5 	 4.46944
847318.9 	 4.44798
847476.3 	 4.428894
847633.7 	 4.411404
847948.5 	 4.379919
848263.3 	 4.352158
848578.1 	 4.326373
849207.7 	 4.279133
849824.2 	 4.237419
850440.7 	 4.197704
851673.7 	 4.124873
854139.6 	 3.995241
856605.6 	 3.883556
859071.5 	 3.780706
861537.5 	 3.691357
864003.4 	 3.610517
866469.4 	 3.535603
868935.3 	 3.468461
869984.7 	 3.442099
870247.1 	 3.435739
870509.4 	 3.429554
870771.8 	 3.42352
871034.1 	 3.417824
871135.8 	 3.415747
871237.4 	 3.413791
871339.1 	 3.411989
871440.7 	 3.41042
871542.4 	 3.409184
871593.2 	 3.408741
871644.0 	 3.408488
871694.9 	 3.408478
871745.7 	 3.408792
871796.5 	 3.409552
871821.9 	 3.410157
871847.3 	 3.410963
871876.9 	 3.412226
871906.4 	 3.413933
871935.9 	 3.416235
871965.4 	 3.419348
871980.2 	 3.421311
871994.9 	 3.423599
872009.7 	 3.426315
872024.4 	 3.429518
872039.2 	 3.43338
872053.9 	 3.43802
872068.7 	 3.443738
872083.4 	 3.450785
872097.4 	 3.459203
872111.3 	 3.469838
872118.3 	 3.476343
872125.3 	 3.483842
872132.3 	 3.492572
872139.2 	 3.502688
872146.2 	 3.5149
872153.2 	 3.529644
872160.2 	 3.547687
872167.1 	 3.569703
872174.1 	 3.597678
872181.0 	 3.632522
872184.5 	 3.653624
872188.0 	 3.677455
872191.5 	 3.704373
872194.9 	 3.733847
872198.4 	 3.76802
872201.9 	 3.80652
872205.4 	 3.849808
872208.9 	 3.898359
872212.4 	 3.952648
872215.9 	 4.013141
872219.4 	 4.080275
872222.8 	 4.152229
872229.8 	 4.322521
872236.8 	 4.523803
872243.8 	 4.755695
872250.7 	 5.011316
872267.9 	 5.719833
872276.5 	 6.07116
872285.1 	 6.383585
872290.8 	 6.554858
872296.5 	 6.688518
872302.2 	 6.77832
872307.9 	 6.81992
872310.0 	 6.822605
872316.4 	 6.788561
872322.8 	 6.692977
872329.2 	 6.54151
872335.5 	 6.346323
872348.7 	 5.836824
872361.8 	 5.282602
872373.9 	 4.804753
872379.9 	 4.595019
872385.9 	 4.407416
872392.0 	 4.240437
872398.0 	 4.099286
872404.0 	 3.979774
872410.0 	 3.87998
872415.8 	 3.800104
872421.5 	 3.735349
872427.3 	 3.681322
872433.0 	 3.637951
872438.8 	 3.601944
872444.5 	 3.573039
872450.3 	 3.548925
872456.0 	 3.529389
872461.8 	 3.512878
872467.5 	 3.499288
872473.3 	 3.487594
872479.0 	 3.477785
872484.8 	 3.469182
872490.5 	 3.46183
872502.0 	 3.44957
872515.2 	 3.438604
872528.3 	 3.430018
872541.4 	 3.423073
872554.5 	 3.417347
872567.7 	 3.412516
872580.8 	 3.408448
872593.9 	 3.404953
872607.0 	 3.401919
872624.6 	 3.398426
872642.1 	 3.395478
872659.6 	 3.392942
872677.1 	 3.390733
872712.2 	 3.387047
872745.1 	 3.384243
872777.9 	 3.381893
872810.8 	 3.379865
872843.6 	 3.378091
872876.5 	 3.376501
872909.3 	 3.375063
872975.0 	 3.372512
873040.7 	 3.370254
873106.4 	 3.368193
873172.1 	 3.366272
873237.7 	 3.364457
873307.8 	 3.362603
873448.0 	 3.359062
873588.1 	 3.355668
873728.2 	 3.352372
873964.7 	 3.346947
874201.2 	 3.341625
874674.2 	 3.331194
875147.2 	 3.320933
875620.1 	 3.310836
877512.0 	 3.271838
881295.8 	 3.1975
886901.5 	 3.091349
889704.4 	 3.03667
892507.2 	 2.977118
895310.1 	 2.906033
896711.5 	 2.865476
898112.9 	 2.817339
899514.3 	 2.765395
900915.7 	 2.702834
901616.4 	 2.668649
902317.1 	 2.63174
903017.8 	 2.593998
903718.5 	 2.556377
904139.0 	 2.535808
904559.4 	 2.518637
904979.9 	 2.506567
905400.3 	 2.501909
905779.4 	 2.512056
906158.4 	 2.540788
906537.5 	 2.598356
906916.5 	 2.704295
907295.6 	 2.877296
907674.6 	 3.156663
907864.2 	 3.353343
908053.7 	 3.600194
908243.2 	 3.888157
908432.7 	 4.242505
908605.0 	 4.62557
908777.2 	 5.060795
909121.6 	 6.054409
909293.8 	 6.588466
909466.0 	 7.107817
909638.2 	 7.591353
909810.4 	 8.012098
909982.7 	 8.332922
910154.9 	 8.551594
910327.1 	 8.677987
910499.3 	 8.709125
910726.6 	 8.626239
910953.8 	 8.446131
911408.3 	 7.941928
911635.6 	 7.669718
911862.8 	 7.402577
912317.2 	 6.914652
912544.5 	 6.697866
912771.7 	 6.500355
912999.0 	 6.315831
913226.2 	 6.154816
913680.7 	 5.868423
914135.1 	 5.631964
914558.5 	 5.449264
914981.9 	 5.296761
915828.7 	 5.05233
916675.5 	 4.869558
917522.2 	 4.730394
919215.8 	 4.541322
920909.3 	 4.42289
924809.1 	 4.318772
928708.8 	 4.308924
932899.0 	 4.387476
937089.1 	 4.516361
945469.4 	 4.873643
949659.6 	 5.075256
953849.7 	 5.270735
958039.9 	 5.441799
962230.0 	 5.570246
966951.3 	 5.640326
971082.4 	 5.631885
975213.5 	 5.569266
983475.7 	 5.322739
991737.9 	 5.006013
1000000.0 	 4.677619
1006723.0 	 4.434798
1010085.0 	 4.322169
1013446.0 	 4.218648
1014795.0 	 4.180832
1015133.0 	 4.171936
1015470.0 	 4.163586
1015807.0 	 4.155746
1016144.0 	 4.149058
1016275.0 	 4.146928
1016406.0 	 4.145214
1016537.0 	 4.144055
1016667.0 	 4.143687
1016798.0 	 4.14446
1016863.0 	 4.145409
1016928.0 	 4.146979
1016994.0 	 4.149352
1017059.0 	 4.152701
1017124.0 	 4.157404
1017189.0 	 4.164004
1017227.0 	 4.169138
1017265.0 	 4.175541
1017303.0 	 4.183585
1017341.0 	 4.19381
1017379.0 	4207
1017398.0 	 4.215055
1017417.0 	 4.224347
1017436.0 	 4.235153
1017455.0 	 4.247829
1017474.0 	 4.262841
1017492.0 	 4.279775
1017513.0 	 4.303827
1017533.0 	 4.332417
1017553.0 	 4.368582
1017563.0 	 4.390401
1017573.0 	 4.415375
1017583.0 	 4.444173
1017593.0 	 4.477654
1017603.0 	 4.516934
1017613.0 	 4.563473
1017623.0 	 4.619183
1017633.0 	 4.686557
1017643.0 	 4.768818
1017653.0 	 4.87004
1017663.0 	 4.995217
1017673.0 	 5.150186
1017683.0 	 5.341314
1017693.0 	 5.574839
1017703.0 	 5.85579
1017713.0 	 6.186504
1017723.0 	 6.564869
1017733.0 	 6.98264
1017760.0 	 8.161584
1017773.0 	 8.634797
1017786.0 	 8.953653
1017793.0 	 9.041968
1017800.0 	 9.065123
1017808.0 	 9.009928
1017816.0 	 8.870556
1017824.0 	 8.655147
1017832.0 	 8.376204
1017848.0 	 7.691243
1017864.0 	 6.947854
1017881.0 	 6.217184
1017889.0 	 5.917586
1017897.0 	 5.6517
1017906.0 	 5.393513
1017914.0 	 5.198831
1017922.0 	 5.034111
1017930.0 	 4.895952
1017938.0 	 4.78073
1017946.0 	 4.684902
1017954.0 	 4.605216
1017962.0 	 4.538809
1017970.0 	 4.483245
1017978.0 	 4.436501
1017986.0 	 4.396926
1017993.0 	 4.367127
1018001.0 	 4.337621
1018009.0 	 4.31214
1018025.0 	 4.270612
1018041.0 	 4.238484
1018056.0 	 4.214533
1018070.0 	 4.196213
1018083.0 	 4.181914
1018097.0 	 4.168832
1018110.0 	 4.158422
1018124.0 	 4.148733
1018137.0 	 4.140901
1018164.0 	 4.127462
1018191.0 	 4.116917
1018218.0 	 4.108483
1018245.0 	 4.101619
1018272.0 	 4.095949
1018296.0 	 4.09169
1018320.0 	 4.088013
1018368.0 	 4.08197
1018416.0 	 4.077178
1018464.0 	 4.073268
1018512.0 	 4.069998
1018560.0 	 4.067196
1018608.0 	 4.064753
1018704.0 	 4.060564
1018764.0 	 4.058266
1018824.0 	 4.056146
1018944.0 	 4.05228
1019064.0 	 4.048734
1019184.0 	 4.045385
1019356.0 	 4.040779
1019527.0 	 4.036325
1019698.0 	 4.031945
1019869.0 	 4.027614
1020211.0 	 4.019004
1020553.0 	 4.010449
1021238.0 	 3.993441
1021922.0 	 3.976584
1023291.0 	 3.94351
1024660.0 	 3.911521
1027398.0 	 3.849895
1030135.0 	 3.793016
1031672.0 	 3.763956
1033978.0 	 3.726474
1035131.0 	 3.710994
1036283.0 	 3.70045
1037292.0 	 3.69877
1037797.0 	 3.700963
1038301.0 	 3.708045
1038554.0 	 3.713554
1038806.0 	 3.721504
1039058.0 	 3.731391
1039310.0 	 3.744167
1039562.0 	 3.760836
1039814.0 	 3.783163
1040066.0 	 3.812448
1040318.0 	 3.85143
1040486.0 	 3.88496
1040654.0 	 3.926565
1040822.0 	 3.97867
1040990.0 	 4.042798
1041158.0 	 4.126891
1041242.0 	 4.178114
1041326.0 	 4.236998
1041410.0 	 4.305052
1041494.0 	 4.38416
1041578.0 	 4.476692
1041662.0 	 4.585654
1041758.0 	 4.735263
1041854.0 	 4.918817
1041950.0 	 5.146251
1042046.0 	 5.430722
1042142.0 	 5.78641
1042190.0 	 5.997741
1042238.0 	 6.23775
1042286.0 	 6.508814
1042334.0 	 6.81393
1042382.0 	 7.15635
1042430.0 	 7.538694
1042489.0 	 8.063719
1042548.0 	 8.645698
1042665.0 	 9.889177
1042724.0 	 10.48671
1042783.0 	 10.99134
1042842.0 	 11.3362
1042900.0 	 11.46722
1042950.0 	 11.39659
1043000.0 	 11.16357
1043050.0 	 10.79421
1043100.0 	 10.32646
1043299.0 	 8.209471
1043349.0 	 7.735373
1043399.0 	 7.306532
1043449.0 	 6.920804
1043498.0 	 6.583533
1043548.0 	 6.27846
1043598.0 	 6.00929
1043648.0 	 5.771974
1043697.0 	 5.566722
1043759.0 	 5.340498
1043820.0 	 5.148947
1043881.0 	 4.983423
1043942.0 	 4.839748
1044004.0 	 4.712622
1044065.0 	 4.603306
1044187.0 	 4.422339
1044310.0 	 4.279165
1044432.0 	 4.166025
1044554.0 	 4.075917
1044676.0 	 4.000453
1044819.0 	 3.928266
1044962.0 	 3.869387
1045105.0 	 3.820661
1045248.0 	 3.779803
1045391.0 	 3.745169
1045534.0 	 3.715508
1045819.0 	 3.667771
1046105.0 	 3.631691
1046391.0 	 3.601938
1046677.0 	 3.577764
1046962.0 	 3.557789
1047340.0 	 3.535868
1047717.0 	 3.517684
1048472.0 	 3.488664
1049227.0 	 3.465275
1049982.0 	 3.445942
1051492.0 	 3.413531
1053002.0 	 3.385711
1056022.0 	 3.337129
1059042.0 	 3.293113
1063613.0 	 3.232253
1068184.0 	 3.175065
1072755.0 	 3.120101
1077326.0 	 3.065598
1078837.0 	 3.046746
1080347.0 	 3.026555
1081102.0 	 3.01533
1081857.0 	 3.002678
1082235.0 	 2.995436
1082612.0 	 2.98717
1082990.0 	 2.977498
1083179.0 	 2.97181
1083367.0 	 2.965373
1083500.0 	 2.960204
1083633.0 	 2.954366
1083766.0 	 2.947688
1083898.0 	 2.940119
1083965.0 	 2.935705
1084031.0 	 2.93092
1084097.0 	 2.925633
1084163.0 	 2.919745
1084230.0 	 2.913023
1084296.0 	 2.905521
1084362.0 	 2.896971
1084428.0 	 2.887007
1084474.0 	 2.879009
1084520.0 	 2.869955
1084566.0 	 2.859609
1084612.0 	 2.847658
1084658.0 	 2.83369
1084681.0 	 2.825783
1084704.0 	 2.817142
1084727.0 	 2.807648
1084750.0 	 2.797154
1084773.0 	 2.785482
1084796.0 	 2.772419
1084821.0 	 2.756333
1084845.0 	 2.738642
1084869.0 	 2.718232
1084893.0 	 2.694416
1084905.0 	 2.68095
1084917.0 	 2.666254
1084929.0 	 2.650148
1084941.0 	 2.632414
1084953.0 	 2.612789
1084965.0 	 2.59095
1084977.0 	 2.566501
1084989.0 	 2.538958
1085002.0 	 2.504942
1085015.0 	 2.4657
1085022.0 	 2.442042
1085028.0 	 2.420185
1085035.0 	 2.392686
1085041.0 	 2.367284
1085048.0 	 2.335387
1085054.0 	 2.306035
1085061.0 	 2.269414
1085067.0 	 2.236031
1085074.0 	 2.194922
1085080.0 	 2.158088
1085086.0 	 2.120144
1085092.0 	 2.081578
1085099.0 	 2.03667
1085106.0 	 1.993115
1085113.0 	 1.952536
1085120.0 	 1.916846
1085134.0 	 1.868829
1085147.0 	 1.865236
1085160.0 	 1.913965
1085172.0 	 2.011374
1085184.0 	 2.157937
1085196.0 	 2.345166
1085203.0 	 2.467498
1085209.0 	 2.576708
1085221.0 	 2.797212
1085234.0 	 3.021574
1085246.0 	 3.19951
1085262.0 	 3.378291
1085273.0 	 3.460422
1085283.0 	 3.508733
1085294.0 	 3.5375
1085304.0 	 3.546253
1085310.0 	 3.545439
1085315.0 	 3.542062
1085325.0 	 3.529793
1085331.0 	 3.519914
1085336.0 	 3.510722
1085346.0 	 3.490745
1085355.0 	 3.471952
1085364.0 	 3.453169
1085373.0 	 3.434868
1085381.0 	 3.419232
1085390.0 	 3.402486
1085398.0 	 3.388399
1085407.0 	 3.373452
1085415.0 	 3.360947
1085424.0 	 3.347714
1085433.0 	 3.33531
1085450.0 	 3.313937
1085467.0 	 3.29493
1085484.0 	 3.277947
1085500.0 	 3.263551
1085515.0 	 3.251267
1085531.0 	 3.239294
1085546.0 	 3.229001
1085562.0 	 3.218896
1085577.0 	 3.210148
1085607.0 	 3.194455
1085638.0 	 3.180338
1085669.0 	 3.167955
1085700.0 	 3.157005
1085730.0 	 3.14755
1085765.0 	 3.137709
1085800.0 	 3.12895
1085835.0 	 3.121108
1085869.0 	 3.114231
1085904.0 	 3.107783
1085938.0 	 3.102041
1086007.0 	 3.091739
1086076.0 	 3.082918
1086145.0 	 3.075264
1086214.0 	 3.068542
1086283.0 	 3.062582
1086343.0 	 3.05794
1086402.0 	 3.05378
1086521.0 	 3.046246
1086640.0 	 3.039745
1086759.0 	 3.03405
1086878.0 	 3.028989
1086997.0 	 3.024502
1087234.0 	 3.016585
1087472.0 	 3.009792
1087710.0 	 3.003839
1087948.0 	 2.998507
1088185.0 	 2.99368
1088631.0 	 2.985536
1089076.0 	 2.97826
1089966.0 	 2.965411
1090856.0 	 2.953788
1091746.0 	 2.943148
1093526.0 	 2.922938
1095306.0 	 2.904094
1098867.0 	 2.867383
1102427.0 	 2.831916
1109548.0 	 2.761733
1116668.0 	 2.690462
1124280.0 	 2.609262
1128086.0 	 2.565428
1131892.0 	 2.518144
1135698.0 	 2.466077
1139504.0 	 2.407058
1141407.0 	 2.374478
1143310.0 	 2.3382
1145213.0 	 2.298384
1146164.0 	 2.276325
1146640.0 	 2.264712
1147115.0 	 2.252741
1147300.0 	 2.247989
1147392.0 	 2.245617
1147484.0 	 2.24324
1147588.0 	 2.240565
1147640.0 	 2.23924
1147692.0 	 2.237933
1147744.0 	 2.236655
1147770.0 	 2.236034
1147796.0 	 2.235431
1147822.0 	 2.234853
1147848.0 	 2.234312
1147861.0 	 2.234061
1147874.0 	 2.233828
1147887.0 	 2.233622
1147899.0 	 2.233466
1147906.0 	 2.2334
1147913.0 	 2.23336
1147920.0 	 2.23336
1147926.0 	 2.233403
1147930.0 	 2.233463
1147933.0 	 2.233529
1147937.0 	 2.233651
1147940.0 	 2.233773
1147944.0 	 2.233985
1147947.0 	 2.234188
1147950.0 	 2.234437
1147953.0 	 2.234738
1147957.0 	 2.235238
1147960.0 	 2.235698
1147964.0 	 2.236447
1147967.0 	 2.237127
1147971.0 	 2.238219
1147974.0 	 2.239196
1147977.0 	 2.240329
1147980.0 	 2.241635
1147984.0 	 2.243682
1147987.0 	 2.245472
1147990.0 	 2.247506
1147993.0 	 2.249804
1147997.0 	 2.25332
1148000.0 	 2.256323
1148003.0 	 2.259663
1148006.0 	 2.263361
1148009.0 	 2.267433
1148012.0 	 2.271895
1148018.0 	 2.282035
1148024.0 	 2.293826
1148029.0 	 2.304894
1148035.0 	 2.319561
1148041.0 	 2.335527
1148052.0 	 2.366975
1148064.0 	 2.401328
1148075.0 	 2.428676
1148081.0 	 2.440425
1148086.0 	 2.447963
1148093.0 	 2.454557
1148096.0 	 2.455859
1148099.0 	 2.456215
1148100.0 	 2.456122
1148103.0 	 2.455199
1148107.0 	 2.45252
1148112.0 	 2.446888
1148118.0 	 2.437043
1148123.0 	 2.426576
1148124.0 	 2.424266
1148125.0 	 2.42189
1148127.0 	 2.416953
1148128.0 	 2.414398
1148130.0 	 2.40913
1148137.0 	 2.389361
1148144.0 	 2.368343
1148158.0 	 2.326569
1148165.0 	 2.307444
1148172.0 	 2.290247
1148179.0 	 2.275276
1148185.0 	 2.264296
1148189.0 	 2.257913
1148192.0 	 2.253601
1148196.0 	 2.248456
1148199.0 	 2.245025
1148203.0 	 2.240984
1148206.0 	 2.238323
1148209.0 	 2.235954
1148212.0 	 2.233853
1148216.0 	 2.23143
1148220.0 	 2.229391
1148224.0 	 2.227685
1148228.0 	 2.226265
1148232.0 	 2.225089
1148236.0 	 2.224119
1148240.0 	 2.223319
1148243.0 	 2.222813
1148247.0 	 2.222244
1148251.0 	 2.221774
1148255.0 	 2.221384
1148258.0 	 2.221134
1148262.0 	 2.220846
1148266.0 	 2.220601
1148270.0 	 2.220389
1148273.0 	 2.220247
1148277.0 	 2.220076
1148281.0 	 2.219921
1148288.0 	 2.219677
1148296.0 	 2.219427
1148303.0 	 2.219222
1148311.0 	 2.218996
1148318.0 	 2.218804
1148333.0 	 2.218397
1148351.0 	 2.217913
1148369.0 	 2.217427
1148387.0 	 2.21694
1148404.0 	 2.216477
1148439.0 	 2.215516
1148474.0 	 2.214545
1148509.0 	 2.213565
1148544.0 	 2.212577
1148614.0 	 2.210577
1148704.0 	 2.207968
1148793.0 	 2.205354
1148972.0 	 2.199991
1149329.0 	 2.188965
1149790.0 	 2.174015
1150250.0 	 2.158162
1151170.0 	 2.12431
1152090.0 	 2.086385
1153010.0 	 2.043253
1153931.0 	 1.992964
1154851.0 	 1.933655
1155311.0 	 1.900154
1155771.0 	 1.863525
1156231.0 	 1.822348
1156691.0 	 1.776214
1157100.0 	 1.730208
1157509.0 	 1.678663
1157918.0 	 1.620522
1158327.0 	 1.554507
1158736.0 	 1.47923
1158941.0 	 1.437497
1159145.0 	 1.392856
1159350.0 	 1.344765
1159554.0 	 1.293502
1159759.0 	 1.238434
1159963.0 	 1.180076
1160164.0 	 1.119268
1160365.0 	 1.055636
1160566.0 	 0.9901076
1160766.0 	 0.9246625
1160967.0 	 0.8613739
1161167.0 	 0.8050955
1161368.0 	 0.761562
1161568.0 	 0.7394877
1161710.0 	 0.7429959
1161851.0 	 0.7684126
1161993.0 	 0.8204485
1162134.0 	 0.9025112
1162276.0 	 1.018574
1162417.0 	 1.167126
1162559.0 	 1.349097
1162700.0 	 1.549983
1162822.0 	 1.73558
1162944.0 	 1.922773
1163066.0 	 2.107311
1163187.0 	 2.278506
1163430.0 	 2.577894
1163673.0 	 2.800577
1163916.0 	 2.949551
1164159.0 	 3.040333
1164402.0 	 3.086782
1164645.0 	 3.103199
1164808.0 	 3.102052
1164971.0 	 3.09457
1165134.0 	 3.08259
1165297.0 	 3.067056
1165623.0 	 3.029495
1165948.0 	 2.988204
1166274.0 	 2.945855
1166599.0 	 2.904383
1166925.0 	 2.864683
1167250.0 	 2.826633
1167658.0 	 2.782077
1168065.0 	 2.74086
1168472.0 	 2.702611
1168879.0 	 2.667039
1169286.0 	 2.633854
1169693.0 	 2.602785
1170100.0 	 2.573582
1170507.0 	 2.546417
1171322.0 	 2.495282
1172136.0 	 2.448811
1172950.0 	 2.405937
1173764.0 	 2.365901
1174579.0 	 2.328052
1175393.0 	 2.292613
1176207.0 	 2.257345
1177021.0 	 2.223843
1177835.0 	 2.19078
1178649.0 	 2.158661
1180277.0 	 2.09597
1181906.0 	 2.035311
1183534.0 	 1.977788
1184348.0 	 1.950717
1185162.0 	 1.925311
1185976.0 	 1.902165
1186790.0 	 1.882141
1187659.0 	 1.865481
1188527.0 	 1.85533
1189770.0 	 1.857859
1191013.0 	 1.884534
1192256.0 	 1.948959
1193498.0 	 2.056063
1194741.0 	 2.211152
1195984.0 	 2.37679
1197227.0 	 2.520225
1197848.0 	 2.558571
1198469.0 	 2.580841
1199099.0 	 2.60213
1199414.0 	 2.622768
1199729.0 	 2.674576
1200044.0 	 2.763138
1200359.0 	 2.898918
1200674.0 	 3.10854
1200988.0 	 3.36315
1201357.0 	 3.721914
1201726.0 	 4.086152
1202095.0 	 4.392695
1202463.0 	 4.653348
1202832.0 	 4.833459
1203201.0 	 4.93824
1203570.0 	 5.005724
1203938.0 	 5.02277
1204289.0 	 5.01049
1204639.0 	 4.981683
1204990.0 	 4.94181
1205340.0 	 4.894334
1205691.0 	 4.841424
1206041.0 	 4.785475
1206741.0 	 4.670646
1207442.0 	 4.556472
1208143.0 	 4.446092
1208844.0 	 4.341074
1209544.0 	 4.242229
1210339.0 	 4.137635
1211134.0 	 4.041304
1211929.0 	 3.949962
1212724.0 	 3.866479
1213519.0 	 3.786625
1214314.0 	 3.713431
1215904.0 	 3.578328
1217494.0 	 3.459232
1219084.0 	 3.351058
1220674.0 	 3.251412
1222263.0 	 3.158488
1224171.0 	 3.05396
1226079.0 	 2.953937
1227987.0 	 2.855238
1229894.0 	 2.757111
1231961.0 	 2.647429
1234028.0 	 2.531617
1235062.0 	 2.472412
1236095.0 	 2.409083
1238162.0 	 2.272185
1240229.0 	 2.119788
1241263.0 	 2.036305
1242296.0 	 1.946939
1243330.0 	 1.852551
1244363.0 	 1.753789
1245396.0 	 1.651478
1246429.0 	 1.547078
1247699.0 	 1.421917
1248968.0 	 1.312745
1250238.0 	 1.236511
1250873.0 	 1.21296
1251507.0 	 1.207783
1251983.0 	 1.21784
1252459.0 	 1.240185
1253410.0 	 1.322607
1253886.0 	 1.382908
1254362.0 	 1.457096
1255313.0 	 1.633505
1256533.0 	 1.907517
1257752.0 	 2.198813
1258971.0 	 2.481523
1260190.0 	 2.743833
1260842.0 	 2.879475
1261168.0 	 2.948693
1261493.0 	 3.022294
1261819.0 	 3.103617
1261982.0 	 3.149441
1262145.0 	 3.199513
1262308.0 	 3.255109
1262471.0 	 3.319163
1262634.0 	 3.395094
1262796.0 	 3.486399
1262908.0 	 3.562193
1263019.0 	 3.650974
1263130.0 	 3.757565
1263241.0 	 3.887098
1263352.0 	 4.046756
1263408.0 	 4.143426
1263463.0 	 4.250868
1263519.0 	 4.375198
1263574.0 	 4.514583
1263630.0 	 4.677338
1263685.0 	 4.861407
1263768.0 	 5.194332
1263851.0 	 5.608992
1263934.0 	 6.123436
1264017.0 	 6.75087
1264100.0 	 7.488623
1264183.0 	 8.28388
1264266.0 	 9.0195
1264307.0 	 9.307669
1264348.0 	 9.514203
1264400.0 	 9.629244
1264444.0 	 9.585024
1264488.0 	 9.414196
1264532.0 	 9.133903
1264575.0 	 8.780017
1264750.0 	 7.075861
1264838.0 	 6.322881
1264882.0 	 5.998935
1264925.0 	 5.715571
1264969.0 	 5.457967
1265013.0 	 5.230449
1265057.0 	 5.029807
1265100.0 	 4.856616
1265157.0 	 4.657725
1265213.0 	 4.491728
1265269.0 	 4.34988
1265325.0 	 4.228132
1265381.0 	 4.123407
1265437.0 	 4.033583
1265549.0 	 3.886736
1265661.0 	 3.772965
1265773.0 	 3.684517
1265885.0 	 3.614852
1265997.0 	 3.559335
1266138.0 	 3.504484
1266278.0 	 3.462374
1266418.0 	 3.429487
1266558.0 	 3.404317
1266698.0 	 3.382799
1266838.0 	 3.366054
1267118.0 	 3.340953
1267399.0 	 3.324254
1267679.0 	 3.312916
1268239.0 	 3.299584
1268688.0 	 3.293898
1269136.0 	 3.290515
1269697.0 	 3.287902
1270257.0 	 3.286001
1271377.0 	 3.282303
1272554.0 	 3.277031
1273731.0 	 3.27011
1274908.0 	 3.261352
1276085.0 	 3.251833
1277262.0 	 3.241053
1278439.0 	 3.22964
1279616.0 	 3.217841
1280792.0 	 3.205623
1283146.0 	 3.180857
1285499.0 	 3.156142
1290206.0 	 3.108289
1294017.0 	 3.07195
1297828.0 	 3.037854
1301639.0 	 3.005884
1305449.0 	 2.975853
1309260.0 	 2.947726
1313070.0 	 2.921112
1320691.0 	 2.871072
1328312.0 	 2.824884
1335933.0 	 2.78129
1343554.0 	 2.739123
1351175.0 	 2.697171
1357452.0 	 2.661623
1363728.0 	 2.624211
1366866.0 	 2.604301
1370004.0 	 2.583435
1371573.0 	 2.572441
1373142.0 	 2.561111
1373927.0 	 2.555274
1374711.0 	 2.549352
1375496.0 	 2.54334
1375888.0 	 2.540311
1376280.0 	 2.537275
1376729.0 	 2.533805
1376954.0 	 2.532079
1377178.0 	 2.530377
1377402.0 	 2.528701
1377626.0 	 2.527066
1377850.0 	 2.525493
1377962.0 	 2.52474
1378074.0 	 2.524019
1378186.0 	 2.523336
1378298.0 	 2.522705
1378410.0 	 2.52214
1378522.0 	 2.521663
1378613.0 	 2.521363
1378704.0 	 2.521162
1378795.0 	 2.521089
1378886.0 	 2.521209
1378932.0 	 2.521362
1378977.0 	 2.521588
1379023.0 	 2.521913
1379068.0 	 2.522343
1379114.0 	 2.522923
1379159.0 	 2.52366
1379205.0 	 2.524632
1379250.0 	 2.525853
1379289.0 	 2.527196
1379327.0 	 2.528836
1379366.0 	 2.530964
1379404.0 	 2.533605
1379424.0 	 2.535285
1379443.0 	 2.537108
1379462.0 	 2.539194
1379481.0 	 2.541591
1379501.0 	 2.544522
1379520.0 	 2.547775
1379539.0 	 2.551593
1379558.0 	 2.556116
1379578.0 	 2.561849
1379597.0 	 2.568489
1379616.0 	 2.576668
1379635.0 	 2.586922
1379645.0 	 2.59341
1379655.0 	 2.60085
1379665.0 	 2.609451
1379674.0 	 2.618406
1379684.0 	 2.630024
1379693.0 	 2.64234
1379703.0 	 2.658629
1379712.0 	 2.676236
1379718.0 	 2.689878
1379724.0 	 2.705332
1379735.0 	 2.739352
1379741.0 	 2.761634
1379747.0 	 2.787049
1379753.0 	 2.816032
1379758.0 	 2.843245
1379764.0 	 2.879995
1379770.0 	 2.92167
1379776.0 	 2.968747
1379781.0 	 3.01242
1379787.0 	 3.070486
1379792.0 	 3.123785
1379803.0 	 3.257149
1379810.0 	 3.353353
1379817.0 	 3.457675
1379831.0 	 3.68557
1379859.0 	 4.15349
1379870.0 	 4.306643
1379880.0 	 4.413555
1379890.0 	 4.481002
1379900.0 	 4.503387
1379913.0 	 4.462267
1379925.0 	 4.358374
1379938.0 	 4.188064
1379950.0 	 3.995079
1379980.0 	 3.478935
1379988.0 	 3.354031
1379995.0 	 3.25334
1380002.0 	 3.161556
1380009.0 	 3.079035
1380016.0 	 3.005744
1380022.0 	 2.950015
1380029.0 	 2.892781
1380035.0 	 2.849895
1380042.0 	 2.806373
1380048.0 	 2.774068
1380054.0 	 2.745845
1380060.0 	 2.721222
1380067.0 	 2.696444
1380073.0 	 2.678123
1380079.0 	 2.662108
1380085.0 	 2.648078
1380092.0 	 2.633844
1380098.0 	 2.6232
1380110.0 	 2.6054
1380121.0 	 2.592292
1380132.0 	 2.581507
1380143.0 	 2.572517
1380154.0 	 2.564933
1380165.0 	 2.558468
1380176.0 	 2.552904
1380187.0 	 2.548074
1380198.0 	 2.543851
1380220.0 	 2.536839
1380242.0 	 2.531277
1380264.0 	 2.526778
1380286.0 	 2.523076
1380311.0 	 2.519604
1380336.0 	 2.516731
1380362.0 	 2.514233
1380387.0 	 2.512199
1380412.0 	 2.51045
1380437.0 	 2.508932
1380463.0 	 2.507551
1380488.0 	 2.506379
1380538.0 	 2.504387
1380589.0 	 2.502714
1380639.0 	 2.501329
1380689.0 	 2.500133
1380739.0 	 2.499078
1380796.0 	 2.498005
1380853.0 	 2.497038
1380910.0 	 2.496153
1380966.0 	 2.495345
1381023.0 	 2.494568
1381079.0 	 2.49384
1381192.0 	 2.492454
1381306.0 	 2.491136
1381419.0 	 2.489883
1381532.0 	 2.488665
1381645.0 	 2.487469
1381784.0 	 2.486021
1381922.0 	 2.484595
1382061.0 	 2.483166
1382199.0 	 2.48175
1382476.0 	 2.478903
1382752.0 	 2.47605
1383256.0 	 2.470766
1383759.0 	 2.465384
1384765.0 	 2.454243
1385520.0 	 2.445509
1386275.0 	 2.436427
1387785.0 	 2.417078
1389295.0 	 2.396066
1390805.0 	 2.373129
1392315.0 	 2.348029
1393070.0 	 2.334839
1393825.0 	 2.32083
1394580.0 	 2.306207
1395335.0 	 2.290986
1396090.0 	 2.275216
1396844.0 	 2.259025
1397851.0 	 2.237135
1398354.0 	 2.22629
1398857.0 	 2.215919
1399361.0 	 2.205937
1399864.0 	 2.197108
1400367.0 	 2.18942
1400870.0 	 2.184125
1401424.0 	 2.18244
1401977.0 	 2.186559
1402531.0 	 2.199781
1403084.0 	 2.227391
1403361.0 	 2.247748
1403638.0 	 2.274459
1404191.0 	 2.354237
1404468.0 	 2.408915
1404745.0 	 2.481269
1405022.0 	 2.569169
1405298.0 	 2.67455
1405674.0 	 2.863007
1406049.0 	 3.107975
1406424.0 	 3.422534
1406799.0 	 3.80963
1407175.0 	 4.262649
1407550.0 	 4.75427
1407925.0 	 5.240286
1408300.0 	 5.659248
1408544.0 	 5.864592
1408788.0 	 6.008434
1409032.0 	 6.095345
1409275.0 	 6.121625
1409741.0 	 6.015468
1410207.0 	 5.813517
1410673.0 	 5.555263
1411139.0 	 5.285388
1411605.0 	 5.031028
1412071.0 	 4.801259
1412537.0 	 4.598947
1413002.0 	 4.421329
1413364.0 	 4.301226
1413725.0 	 4.191875
1414086.0 	 4.091883
1414447.0 	 4.004234
1414809.0 	 3.924212
1415170.0 	 3.850609
1415531.0 	 3.784952
1415892.0 	 3.725305
1416615.0 	 3.619195
1417337.0 	 3.530478
1418060.0 	 3.454569
1418782.0 	 3.388704
1419603.0 	 3.3258
1420424.0 	 3.269418
1421245.0 	 3.22154
1422066.0 	 3.179469
1422887.0 	 3.141804
1423708.0 	 3.107977
1424529.0 	 3.077654
1425349.0 	 3.050863
1426991.0 	 3.00373
1427812.0 	 2.983059
1428633.0 	 2.965065
1430275.0 	 2.930835
1431916.0 	 2.901192
1434018.0 	 2.86914
1436120.0 	 2.841716
1438222.0 	 2.817946
1440323.0 	 2.797151
1444526.0 	 2.762497
1448729.0 	 2.735142
1453983.0 	 2.709724
1456610.0 	 2.700551
1459237.0 	 2.69421
1460748.0 	 2.692602
1462258.0 	 2.692516
1463769.0 	 2.693938
1465279.0 	 2.698504
1466790.0 	 2.707026
1467545.0 	 2.71318
1468300.0 	 2.721551
1469056.0 	 2.731964
1469811.0 	 2.744535
1470566.0 	 2.761521
1471321.0 	 2.783106
1471880.0 	 2.803464
1472438.0 	 2.828501
1472996.0 	 2.859634
1473554.0 	 2.898769
1473834.0 	 2.921957
1474113.0 	 2.948726
1474392.0 	 2.978031
1474671.0 	 3.011553
1474950.0 	 3.050596
1475229.0 	 3.095608
1475508.0 	 3.147774
1475787.0 	 3.208579
1476138.0 	 3.300653
1476488.0 	 3.41322
1476838.0 	 3.552459
1477188.0 	 3.728328
1477363.0 	 3.830998
1477538.0 	 3.948335
1477888.0 	 4.223484
1478238.0 	 4.566687
1478588.0 	 4.978589
1479244.0 	 5.843384
1479408.0 	 6.031902
1479572.0 	 6.183514
1479736.0 	 6.289896
1479900.0 	 6.338432
1480039.0 	 6.324156
1480177.0 	 6.269451
1480316.0 	 6.171674
1480454.0 	 6.035417
1480731.0 	 5.691561
1481008.0 	 5.30079
1481285.0 	 4.91239
1481562.0 	 4.55985
1481839.0 	 4.252745
1481978.0 	 4.117457
1482047.0 	 4.053664
1482116.0 	 3.992965
1482169.0 	 3.948108
1482195.0 	 3.926547
1482208.0 	 3.915841
1482221.0 	 3.905164
1482228.0 	 3.899418
1482235.0 	 3.89367
1482242.0 	 3.887916
1482248.0 	 3.882975
1482255.0 	 3.877197
1482261.0 	 3.87223
1482268.0 	 3.866417
1482274.0 	 3.861418
1482281.0 	 3.855569
1482287.0 	 3.850544
1482294.0 	 3.844677
1482300.0 	 3.839652
1482307.0 	 3.833811
1482313.0 	 3.828839
1482320.0 	 3.823103
1482326.0 	 3.818263
1482338.0 	 3.808885
1482349.0 	 3.800762
1482364.0 	 3.790615
1482370.0 	 3.786888
1482375.0 	 3.783927
1482377.0 	 3.782779
1482382.0 	 3.779995
1482386.0 	 3.777852
1482391.0 	 3.775268
1482393.0 	 3.77426
1482395.0 	 3.773267
1482400.0 	 3.770836
1482407.0 	 3.76753
1482416.0 	 3.763367
1482424.0 	 3.759661
1482431.0 	 3.756353
1482442.0 	 3.750925
1482446.0 	 3.748862
1482459.0 	 3.741776
1482471.0 	 3.734709
1482482.0 	 3.727835
1482487.0 	 3.724608
1482492.0 	 3.721329
1482498.0 	 3.717338
1482503.0 	 3.713977
1482508.0 	 3.710593
1482513.0 	 3.707194
1482519.0 	 3.703106
1482524.0 	 3.699699
1482529.0 	 3.696297
1482534.0 	 3.692904
1482540.0 	 3.68885
1482545.0 	 3.685489
1482550.0 	 3.682145
1482555.0 	 3.678822
1482561.0 	 3.674859
1482566.0 	 3.67158
1482576.0 	 3.665081
1482587.0 	 3.658025
1482597.0 	 3.651689
1482608.0 	 3.6448
1482618.0 	 3.638606
1482638.0 	 3.626399
1482671.0 	 3.606732
1482704.0 	 3.587604
1482770.0 	 3.55086
1482901.0 	 3.483411
1483163.0 	 3.364403
1483426.0 	 3.264027
1483688.0 	 3.17953
1483951.0 	 3.107455
1484213.0 	 3.046113
1484475.0 	 2.993438
1484737.0 	 2.948155
1485116.0 	 2.893453
1485495.0 	 2.847994
1485874.0 	 2.809692
1486253.0 	 2.777248
1486632.0 	 2.749698
1487011.0 	 2.726466
1487390.0 	 2.706518
1487769.0 	 2.689038
1488527.0 	 2.660045
1488906.0 	 2.648109
1489285.0 	 2.638139
1490043.0 	 2.619665
1490800.0 	 2.604646
1492083.0 	 2.58519
1492724.0 	 2.577013
1493365.0 	 2.570089
1494648.0 	 2.55813
1495930.0 	 2.548722
1497213.0 	 2.540472
1498495.0 	 2.533832
1501060.0 	 2.522775
1502926.0 	 2.516818
1504791.0 	 2.51246
1506191.0 	 2.510576
1507590.0 	 2.510275
1508290.0 	 2.511273
1508989.0 	 2.51343
1509339.0 	 2.515308
1509689.0 	 2.517775
1510039.0 	 2.521429
1510214.0 	 2.523818
1510388.0 	 2.526674
1510520.0 	 2.5293
1510651.0 	 2.532421
1510782.0 	 2.536169
1510913.0 	 2.540738
1511045.0 	 2.546458
1511111.0 	 2.549865
1511176.0 	 2.55364
1511242.0 	 2.557985
1511307.0 	 2.562955
1511373.0 	 2.568846
1511438.0 	 2.575675
1511493.0 	 2.582459
1511548.0 	 2.59041
1511603.0 	 2.599833
1511657.0 	 2.610912
1511685.0 	 2.617562
1511712.0 	 2.624701
1511739.0 	 2.632683
1511766.0 	 2.641659
1511794.0 	 2.652215
1511821.0 	 2.663843
1511848.0 	 2.677203
1511875.0 	 2.692696
1511901.0 	 2.710127
1511926.0 	 2.729816
1511952.0 	 2.754205
1511977.0 	 2.782584
1511990.0 	 2.799773
1512003.0 	 2.819009
1512016.0 	 2.84067
1512028.0 	 2.863225
1512041.0 	 2.89099
1512054.0 	 2.922965
1512067.0 	 2.960133
1512079.0 	 3.00016
1512093.0 	 3.055604
1512107.0 	 3.123077
1512114.0 	 3.162394
1512121.0 	 3.206111
1512128.0 	 3.254813
1512134.0 	 3.301002
1512141.0 	 3.360669
1512148.0 	 3.427228
1512155.0 	 3.501378
1512161.0 	 3.57149
1512168.0 	 3.661474
1512175.0 	 3.760746
1512188.0 	 3.97069
1512198.0 	 4.154524
1512208.0 	 4.35582
1512227.0 	 4.770925
1512246.0 	 5.185864
1512265.0 	 5.529526
1512274.0 	 5.64473
1512283.0 	 5.719101
1512292.0 	 5.747191
1512300.0 	 5.730708
1512306.0 	 5.692364
1512317.0 	 5.566124
1512328.0 	 5.374353
1512339.0 	 5.129556
1512349.0 	 4.874385
1512370.0 	 4.296463
1512391.0 	 3.74911
1512401.0 	 3.52115
1512411.0 	 3.319994
1512421.0 	 3.146794
1512431.0 	 3.000849
1512441.0 	 2.880144
1512451.0 	 2.78187
1512461.0 	 2.702872
1512471.0 	 2.639984
1512479.0 	 2.599283
1512487.0 	 2.56565
1512495.0 	 2.537897
1512502.0 	 2.517631
1512510.0 	 2.498276
1512518.0 	 2.48228
1512533.0 	 2.45931
1512549.0 	 2.442166
1512564.0 	 2.430855
1512579.0 	 2.42277
1512594.0 	 2.416999
1512612.0 	 2.412263
1512629.0 	 2.409362
1512647.0 	 2.407477
1512664.0 	 2.406511
1512682.0 	 2.406115
1512699.0 	 2.406178
1512716.0 	 2.406555
1512733.0 	 2.407166
1512768.0 	 2.408921
1512802.0 	 2.411008
1512837.0 	 2.413344
1512871.0 	 2.415677
1512911.0 	 2.418409
1512951.0 	 2.421068
1512991.0 	 2.423622
1513031.0 	 2.426056
1513071.0 	 2.428364
1513111.0 	 2.430546
1513151.0 	 2.432606
1513191.0 	 2.434549
1513271.0 	 2.43811
1513351.0 	 2.441279
1513431.0 	 2.4441
1513510.0 	 2.446622
1513641.0 	 2.450301
1513772.0 	 2.453455
1513903.0 	 2.456191
1514034.0 	 2.458551
1514165.0 	 2.460689
1514296.0 	 2.462601
1514558.0 	 2.465925
1514820.0 	 2.468747
1515082.0 	 2.471218
1515605.0 	 2.475492
1516362.0 	 2.481022
1517118.0 	 2.48665
1517874.0 	 2.492889
1518630.0 	 2.50064
1519387.0 	 2.509984
1520143.0 	 2.52242
1520899.0 	 2.539007
1521277.0 	 2.549279
1521655.0 	 2.561319
1522121.0 	 2.579382
1522586.0 	 2.601773
1523052.0 	 2.629994
1523517.0 	 2.665901
1523983.0 	 2.712315
1524216.0 	 2.740654
1524448.0 	 2.773356
1524681.0 	 2.81143
1524914.0 	 2.855819
1525147.0 	 2.907866
1525379.0 	 2.968978
1525703.0 	 3.074412
1525865.0 	 3.137012
1526027.0 	 3.208829
1526189.0 	 3.291001
1526351.0 	 3.383615
1526513.0 	 3.48985
1526675.0 	 3.612708
1526837.0 	 3.751681
1526999.0 	 3.909647
1527161.0 	 4.091367
1527323.0 	 4.293065
1527647.0 	 4.766976
1527970.0 	 5.294199
1528153.0 	 5.582892
1528335.0 	 5.829226
1528518.0 	 6.003914
1528700.0 	 6.07945
1528840.0 	 6.062148
1528980.0 	 5.982934
1529120.0 	 5.851649
1529260.0 	 5.678537
1529819.0 	 4.82993
1530099.0 	 4.436457
1530378.0 	 4.103818
1530518.0 	 3.960052
1530658.0 	 3.830933
1530937.0 	 3.61035
1531107.0 	 3.497952
1531277.0 	 3.399409
1531447.0 	 3.312774
1531617.0 	 3.236368
1531787.0 	 3.168799
1531957.0 	 3.108863
1532296.0 	 3.00838
1532466.0 	 2.966035
1532636.0 	 2.929423
1532976.0 	 2.863231
1533316.0 	 2.808954
1533655.0 	 2.764226
1534019.0 	 2.72429
1534383.0 	 2.690834
1534747.0 	 2.662495
1535111.0 	 2.638256
1535475.0 	 2.61733
1535839.0 	 2.599124
1536203.0 	 2.583168
1536567.0 	 2.569503
1537295.0 	 2.545646
1538023.0 	 2.526466
1538751.0 	 2.510733
1539478.0 	 2.497625
1540643.0 	 2.480684
1541807.0 	 2.466889
1542972.0 	 2.455875
1544136.0 	 2.446121
1546465.0 	 2.430724
1548794.0 	 2.418052
1551318.0 	 2.406576
1553841.0 	 2.396459
1555103.0 	 2.391544
1556365.0 	 2.38701
1558888.0 	 2.378074
1561412.0 	 2.369608
1562674.0 	 2.365534
1563935.0 	 2.361631
1565197.0 	 2.357933
1566458.0 	 2.354542
1567720.0 	 2.351593
1568981.0 	 2.349303
1570825.0 	 2.34849
1571747.0 	 2.349889
1572669.0 	 2.353264
1573591.0 	 2.359665
1574513.0 	 2.371234
1574974.0 	 2.380019
1575435.0 	 2.391613
1575896.0 	 2.40702
1576357.0 	 2.42795
1576673.0 	 2.446959
1576988.0 	 2.471127
1577304.0 	 2.500674
1577619.0 	 2.540251
1577935.0 	 2.592841
1578093.0 	 2.625818
1578250.0 	 2.664454
1578408.0 	 2.710561
1578565.0 	 2.765133
1578723.0 	 2.83106
1578880.0 	 2.909883
1579013.0 	 2.990602
1579146.0 	 3.087993
1579279.0 	 3.205447
1579412.0 	 3.347938
1579545.0 	 3.521499
1579678.0 	 3.733052
1579811.0 	 3.989449
1579944.0 	 4.295206
1580108.0 	 4.737449
1580272.0 	 5.197424
1580436.0 	 5.602076
1580518.0 	 5.732289
1580600.0 	 5.790067
1580694.0 	 5.758093
1580770.0 	 5.657124
1580845.0 	 5.501066
1580996.0 	 5.075108
1581297.0 	 4.165644
1581448.0 	 3.787483
1581598.0 	 3.491542
1581749.0 	 3.258152
1581899.0 	 3.077616
1582025.0 	 2.957148
1582151.0 	 2.860882
1582277.0 	 2.779445
1582402.0 	 2.713351
1582528.0 	 2.657882
1582654.0 	 2.61132
1582905.0 	 2.540461
1583157.0 	 2.489607
1583408.0 	 2.453537
1583659.0 	 2.429074
1583910.0 	 2.410424
1584276.0 	 2.394944
1584641.0 	 2.389189
1584976.0 	 2.390872
1585311.0 	 2.400647
1585646.0 	 2.411538
1585981.0 	 2.430567
1586651.0 	 2.481522
1587321.0 	 2.555224
1587991.0 	 2.655837
1588661.0 	 2.786854
1589331.0 	 2.951617
1590000.0 	 3.150988
1590775.0 	 3.422013
1591549.0 	 3.724481
1593098.0 	 4.385245
1593873.0 	 4.764755
1594647.0 	 5.24952
1595034.0 	 5.569298
1595421.0 	 5.964248
1596195.0 	 6.890614
1596572.0 	 7.318014
1596761.0 	 7.485222
1596949.0 	 7.603829
1597200.0 	 7.667377
1597454.0 	 7.620526
1597708.0 	 7.478871
1598215.0 	 7.013922
1598723.0 	 6.500078
1599230.0 	 6.025198
1599484.0 	 5.8196
1599738.0 	 5.636168
1599992.0 	 5.47314
1600245.0 	 5.329858
1600753.0 	 5.087929
1601260.0 	 4.896103
1601709.0 	 4.759019
1602157.0 	 4.645642
1602606.0 	 4.550121
1603054.0 	 4.469429
1603503.0 	 4.400602
1603951.0 	 4.341897
1604847.0 	 4.24869
1605296.0 	 4.212073
1605744.0 	 4.183004
1606640.0 	 4.132461
1607537.0 	 4.096633
1608433.0 	 4.0731
1609458.0 	 4.058936
1610995.0 	 4.059113
1612532.0 	 4.078334
1614069.0 	 4.119819
1615606.0 	 4.173453
1617143.0 	 4.249206
1618680.0 	 4.340804
1620217.0 	 4.44846
1621754.0 	 4.573064
1623748.0 	 4.769244
1625741.0 	 5.003548
1627734.0 	 5.27967
1629727.0 	 5.600747
1631721.0 	 5.968003
1632718.0 	 6.165999
1633714.0 	 6.374954
1634711.0 	 6.591209
1635707.0 	 6.810361
1636704.0 	 7.026002
1637700.0 	 7.22561
1638263.0 	 7.323063
1638825.0 	 7.400979
1639107.0 	 7.431996
1639388.0 	 7.450104
1639669.0 	 7.461707
1639950.0 	 7.457901
1640372.0 	 7.414774
1640793.0 	 7.317587
1641214.0 	 7.14512
1641425.0 	 7.017431
1641635.0 	 6.856964
1641846.0 	 6.65677
1642056.0 	 6.407092
1642477.0 	 5.764181
1642688.0 	 5.356775
1642898.0 	 4.894937
1643319.0 	 3.871179
1643508.0 	 3.41677
1643697.0 	 3.005539
1643886.0 	 2.663232
1643980.0 	 2.532619
1644074.0 	 2.43027
1644182.0 	 2.349629
1644290.0 	 2.309397
1644432.0 	 2.316823
1644573.0 	 2.387153
1644715.0 	 2.51326
1644856.0 	 2.685715
1645139.0 	 3.122208
1645422.0 	 3.610223
1645988.0 	 4.565198
1646271.0 	 4.984456
1646554.0 	 5.35424
1646839.0 	 5.672385
1647123.0 	 5.948583
1647691.0 	 6.39016
1648259.0 	 6.705494
1648827.0 	 6.928353
1649396.0 	 7.081821
1649964.0 	 7.180071
1650532.0 	 7.233733
1651100.0 	 7.249563
1652150.0 	 7.199431
1652675.0 	 7.143709
1653200.0 	 7.07032
1653725.0 	 6.979875
1653988.0 	 6.929315
1654250.0 	 6.874429
1654513.0 	 6.817067
1654775.0 	 6.755355
1655038.0 	 6.689658
1655300.0 	 6.620312
1655510.0 	 6.561777
1655720.0 	 6.500523
1655930.0 	 6.43645
1656140.0 	 6.369498
1656350.0 	 6.299777
1656455.0 	 6.263962
1656560.0 	 6.22752
1656665.0 	 6.190642
1656770.0 	 6.153522
1656875.0 	 6.116453
1656980.0 	 6.079867
1657138.0 	 6.027187
1657217.0 	 6.002825
1657295.0 	 5.980844
1657374.0 	 5.961502
1657453.0 	 5.946165
1657532.0 	 5.936187
1657610.0 	 5.933259
1657710.0 	 5.942929
1657809.0 	 5.974171
1658008.0 	 6.117513
1658207.0 	 6.386944
1658306.0 	 6.561229
1658405.0 	 6.749629
1658479.0 	 6.885878
1658552.0 	 7.007315
1658625.0 	 7.109387
1658698.0 	 7.188017
1658844.0 	 7.265231
1658990.0 	 7.270606
1659118.0 	 7.228851
1659245.0 	 7.159292
1659373.0 	 7.076901
1659500.0 	 6.990885
1659628.0 	 6.904512
1659755.0 	 6.821579
1659883.0 	 6.742151
1660010.0 	 6.667326
1660129.0 	 6.60094
1660247.0 	 6.538511
1660365.0 	 6.479203
1660483.0 	 6.422799
1660601.0 	 6.369074
1660719.0 	 6.317733
1660837.0 	 6.268507
1660955.0 	 6.221243
1661192.0 	 6.13151
1661428.0 	 6.047921
1661664.0 	 5.969575
1661900.0 	 5.89452
1662181.0 	 5.809797
1662461.0 	 5.729362
1662742.0 	 5.652018
1663022.0 	 5.57773
1663169.0 	 5.539758
1663315.0 	 5.502697
1663461.0 	 5.466277
1663607.0 	 5.430489
1663753.0 	 5.395572
1663826.0 	 5.378517
1663899.0 	 5.361807
1663972.0 	 5.345535
1664045.0 	 5.329821
1664118.0 	 5.314909
1664191.0 	 5.301186
1664261.0 	 5.289657
1664296.0 	 5.284736
1664331.0 	 5.280565
1664375.0 	 5.276698
1664419.0 	 5.27487
1664463.0 	 5.275853
1664507.0 	 5.280816
1664529.0 	 5.285341
1664551.0 	 5.291644
1664573.0 	 5.300144
1664595.0 	 5.311372
1664617.0 	 5.326012
1664639.0 	 5.344956
1664661.0 	 5.369378
1664682.0 	 5.39923
1664704.0 	 5.439344
1664726.0 	 5.491216
1664748.0 	 5.558488
1664770.0 	 5.645875
1664792.0 	 5.759181
1664814.0 	 5.904934
1664836.0 	 6.089323
1664857.0 	 6.304923
1664922.0 	 7.162669
1664939.0 	 7.390337
1664955.0 	 7.580107
1664971.0 	 7.73225
1664987.0 	 7.835357
1665000.0 	 7.877722
1665022.0 	 7.861158
1665043.0 	 7.749457
1665065.0 	 7.554372
1665086.0 	 7.322025
1665108.0 	 7.060369
1665129.0 	 6.815874
1665151.0 	 6.580893
1665172.0 	 6.383875
1665187.0 	 6.260413
1665201.0 	 6.157659
1665215.0 	 6.066072
1665229.0 	 5.984601
1665244.0 	 5.907287
1665258.0 	 5.843304
1665272.0 	 5.786203
1665286.0 	 5.735097
1665301.0 	 5.686107
1665315.0 	 5.645046
1665343.0 	 5.574145
1665372.0 	 5.513311
1665400.0 	 5.463936
1665426.0 	 5.424536
1665452.0 	 5.390086
1665478.0 	 5.359641
1665504.0 	 5.332468
1665530.0 	 5.308006
1665556.0 	 5.285822
1665608.0 	 5.246963
1665660.0 	 5.213803
1665712.0 	 5.1849
1665764.0 	 5.159256
1665815.0 	 5.136599
1665885.0 	 5.108629
1665955.0 	 5.083334
1666025.0 	 5.060093
1666095.0 	 5.03851
1666165.0 	 5.018258
1666235.0 	 4.99909
1666375.0 	 4.963302
1666515.0 	 4.930216
1666655.0 	 4.898832
1666795.0 	 4.868917
1666934.0 	 4.840386
1667194.0 	 4.789468
1667453.0 	 4.741258
1667712.0 	 4.694975
1667971.0 	 4.650298
1668489.0 	 4.564695
1669007.0 	 4.483648
1669525.0 	 4.406874
1670043.0 	 4.332998
1671079.0 	 4.193839
1671722.0 	 4.113283
1672364.0 	 4.038348
1673007.0 	 3.963637
1673649.0 	 3.895198
1674934.0 	 3.76471
1676219.0 	 3.645483
1677504.0 	 3.536302
1678789.0 	 3.437368
1681359.0 	 3.259957
1683929.0 	 3.10885
1686499.0 	 2.979107
1689069.0 	 2.866809
1691638.0 	 2.768955
1694291.0 	 2.680331
1696944.0 	 2.602107
1702250.0 	 2.470064
1707556.0 	 2.362428
1712861.0 	 2.272355
1718167.0 	 2.19511
1723472.0 	 2.127469
1728778.0 	 2.067125
1734083.0 	 2.012499
1742042.0 	 1.93937
1746022.0 	 1.905618
1748012.0 	 1.88961
1749007.0 	 1.881606
1749504.0 	 1.877608
1749753.0 	 1.875604
1749815.0 	 1.875052
1749831.0 	 1.874834
1749846.0 	 1.874527
1749854.0 	 1.87429
1749862.0 	 1.873978
1749870.0 	 1.873563
1749877.0 	 1.873091
1749885.0 	 1.872393
1749893.0 	 1.871483
1749901.0 	 1.870314
1749908.0 	 1.869039
1749916.0 	 1.867246
1749924.0 	 1.86505
1749932.0 	 1.862407
1749939.0 	 1.859703
1749947.0 	 1.856151
1749955.0 	 1.852104
1749963.0 	 1.847584
1749970.0 	 1.843273
1749986.0 	 1.832427
1750001.0 	 1.770697
1750750.0 	 1.7687
1752340.0 	 1.7548
1753930.0 	 1.7617
1755530.0 	 1.7909
1757130.0 	 1.7649
1760340.0 	 1.7802
1761940.0 	 1.7769
1763550.0 	 1.7798
1765160.0 	 1.7612
1766770.0 	 1.7561
1768390.0 	 1.7397
1770010.0 	 1.7615
1771620.0 	 1.7209
1773250.0 	 1.7106
1774870.0 	 1.6936
1776500.0 	 1.7038
1778120.0 	 1.6592
1779750.0 	 1.7112
1781390.0 	 1.7045
1782370.0 	 1.7074
1782690.0 	 1.6545
1783020.0 	 1.6957
1783350.0 	 1.7934
1783680.0 	1854
1784000.0 	 1.8954
1784330.0 	 1.9948
1784660.0 	1982
1784990.0 	 2.1566
1785310.0 	 2.1094
1785970.0 	1939
1786300.0 	 1.7991
1786630.0 	 1.7492
1786950.0 	 1.7366
1787280.0 	 1.6436
1787610.0 	 1.7065
1787940.0 	 1.6401
1788600.0 	 1.6622
1789580.0 	 1.6194
1790570.0 	 1.6575
1791560.0 	1657
1792550.0 	 1.6413
1793540.0 	 1.6901
1794530.0 	 1.6919
1795520.0 	 1.7336
1796510.0 	 1.7301
1797510.0 	 1.7453
1798500.0 	 1.7366
1799500.0 	 1.7564
1800490.0 	 1.7946
1801490.0 	 1.7881
1802150.0 	 1.8021
1802490.0 	 1.8579
1802820.0 	 1.9274
1803150.0 	 1.9001
1803480.0 	 1.9836
1803820.0 	 2.1879
1804150.0 	 2.0766
1804480.0 	 2.3456
1804820.0 	 2.5639
1805150.0 	2781
1805480.0 	 3.1975
1805820.0 	 3.2411
1806150.0 	 2.9805
1806480.0 	 2.6867
1806820.0 	 2.5052
1807150.0 	 2.1468
1807480.0 	 1.8896
1807820.0 	 1.8716
1808150.0 	 1.7966
1808490.0 	 1.5882
1809320.0 	 1.7119
1812000.0 	 1.7782
1813340.0 	 1.7919
1814690.0 	 1.7985
1816030.0 	 1.8616
1817380.0 	 1.8912
1818720.0 	 2.0176
1820070.0 	 2.0615
1822780.0 	 2.2474
1824130.0 	 2.3831
1825480.0 	 2.4212
1827010.0 	 2.5336
1828710.0 	 2.7278
1830410.0 	 2.9437
1832110.0 	 3.1828
1833820.0 	 3.4577
1835180.0 	 3.7101
1836210.0 	 3.8583
1837240.0 	 4.1178
1838260.0 	 4.4583
1839290.0 	 4.7587
1840320.0 	 5.0926
1841350.0 	 5.4414
1842380.0 	 5.8133
1843100.0 	 6.1081
1843139.0 	 6.119358
1843400.0 	 6.1947
1843410.0 	 6.1981
1843900.0 	 6.2962
1844440.0 	 6.4315
1845480.0 	 6.6461
1846510.0 	 6.9127
1847550.0 	 6.9714
1848580.0 	 7.2817
1849620.0 	 7.4095
1850660.0 	 7.3107
1851700.0 	 7.3423
1852740.0 	 7.4803
1853780.0 	7682
1854820.0 	 7.6341
1855860.0 	 7.3591
1856900.0 	 7.1258
1857700.0 	 6.9198
1857950.0 	 6.8627
1858990.0 	 6.5709
1860040.0 	 6.5509
1861080.0 	 6.4153
1862130.0 	 6.2497
1862900.0 	 6.2169
1863530.0 	 6.2018
1865280.0 	 5.9621
1867300.0 	 5.7104
1868780.0 	 5.4607
1870540.0 	 5.2251
1874060.0 	 4.8261
1875820.0 	 4.6092
1877590.0 	 4.4876
1879360.0 	 4.2855
1881130.0 	 4.1193
1882910.0 	 3.8916
1884680.0 	 3.6936
1886460.0 	 3.5428
1888240.0 	 3.3994
1890030.0 	 3.1427
1891820.0 	 3.0618
1893610.0 	 2.8865
1897190.0 	 2.5642
1897600.0 	 2.5329
1898990.0 	 2.4156
1900790.0 	 2.2811
1902800.0 	 2.0713
1903310.0 	 2.0137
1904400.0 	 2.0375
1905480.0 	 1.9445
1906560.0 	 1.9996
1907650.0 	 1.9684
1908740.0 	 2.0138
1909830.0 	 2.1149
1910910.0 	 2.3503
1912000.0 	 2.5009
1913090.0 	 2.7871
1914370.0 	 2.9915
1915830.0 	 3.3754
1917280.0 	 3.6232
1918740.0 	 3.7999
1920210.0 	 3.9037
1921000.0 	 3.9173
1921670.0 	 3.9415
1923140.0 	 4.0269
1924600.0 	 4.1332
1925700.0 	 4.1238
1926440.0 	 4.1934
1927170.0 	 4.3182
1927910.0 	 4.7013
1928650.0 	4744
1929380.0 	 4.4036
1930120.0 	 3.9852
1930860.0 	 3.8508
1931590.0 	 3.7393
1932330.0 	 3.7573
1933070.0 	 3.7527
1935100.0 	 3.5747
1936960.0 	3556
1938810.0 	 3.5242
1942530.0 	 3.3618
1943600.0 	 3.3675
1944390.0 	 3.3675
1946250.0 	 3.3557
1948120.0 	 3.3069
1949990.0 	 3.3231
1951860.0 	 3.2894
1953740.0 	 3.2915
1955620.0 	 3.3305
1959380.0 	 3.4509
1961080.0 	3589
1962590.0 	3666
1964100.0 	 3.8064
1965620.0 	 4.0282
1967130.0 	 4.2049
1968650.0 	 4.5145
1970170.0 	 4.6608
1971690.0 	4916
1972200.0 	 4.9367
1973210.0 	 4.9811
1974740.0 	 5.0106
1976260.0 	 4.7377
1977790.0 	 4.6124
1979320.0 	 4.3052
1980860.0 	 3.9677
1982390.0 	 3.7071
1983920.0 	 3.5367
1985460.0 	 3.4107
1986620.0 	3249
1987390.0 	 3.1584
1988160.0 	 3.2763
1988930.0 	 3.4222
1989700.0 	 3.4016
1990470.0 	3149
1991240.0 	 2.92
1992020.0 	 2.8273
1992790.0 	 2.7452
1993560.0 	 2.7793
1994340.0 	 2.7835
1995110.0 	 2.7385
1997300.0 	2646
1999180.0 	 2.6028
2000000.0 	 2.5799
2001130.0 	 2.5482
2003080.0 	 2.4599
2005030.0 	 2.4204
2006980.0 	 2.3185
2008930.0 	 2.3303
2010890.0 	 2.2423
2012850.0 	 2.2336
2014820.0 	 2.2056
2016780.0 	 2.1906
2018750.0 	 2.1459
2020730.0 	 2.1357
2022700.0 	 2.0982
2024680.0 	 2.0953
2026660.0 	 2.0311
2028650.0 	 1.9829
2030630.0 	 1.9717
2032620.0 	 1.9419
2032800.0 	 1.9363
2034620.0 	 1.8713
2036610.0 	 1.7905
2038010.0 	 1.7505
2038810.0 	 1.5474
2039610.0 	 1.4436
2040410.0 	 1.2745
2041220.0 	 1.1568
2042020.0 	 1.3015
2042820.0 	 1.5155
2043620.0 	 1.7981
2044430.0 	1856
2045230.0 	 1.8852
2046440.0 	1833
2048050.0 	 1.8598
2049300.0 	1802
2051280.0 	 1.6793
2052890.0 	 1.7137
2054510.0 	 1.7033
2056130.0 	 1.6788
2057350.0 	 1.7016
2058000.0 	 1.77
2058160.0 	 1.7879
2058970.0 	 1.8975
2059780.0 	 2.0298
2060600.0 	 2.1275
2061410.0 	 2.4416
2062220.0 	 2.6612
2063040.0 	2666
2063850.0 	 2.1496
2064000.0 	 2.0794
2064670.0 	 1.7912
2065480.0 	 1.6491
2066300.0 	 1.6248
2067520.0 	 1.5533
2069160.0 	 1.5719
2070100.0 	1565
2070800.0 	 1.5512
2072440.0 	1536
2073600.0 	 1.5978
2074080.0 	 1.6106
2075720.0 	 1.5863
2077370.0 	 1.6481
2079020.0 	 1.6877
2080250.0 	 1.6709
2081900.0 	 2.0047
2082730.0 	 2.3179
2083560.0 	 2.7822
2084380.0 	 3.0488
2085210.0 	 2.9807
2086040.0 	 2.6197
2086600.0 	 2.6446
2086870.0 	 2.6618
2087700.0 	 2.8162
2088530.0 	3214
2089360.0 	 3.5225
2090190.0 	 3.9487
2091020.0 	 4.0191
2091850.0 	3943
2092680.0 	 3.7341
2093510.0 	 3.6697
2094350.0 	 3.6355
2094400.0 	 3.6365
2095180.0 	 3.6896
2096010.0 	 3.6745
2097270.0 	 3.7328
2098700.0 	 3.7605
2098940.0 	 3.7551
2100000.0 	 3.7194
2100610.0 	 3.6988
2102290.0 	 3.6714
2105600.0 	 3.5652
2105640.0 	 3.5626
2107320.0 	 3.5172
2109010.0 	 3.4503
2110270.0 	 3.5518
2111110.0 	 3.5193
2111960.0 	 3.5652
2113640.0 	 3.9052
2114490.0 	 4.2704
2115200.0 	 4.5659
2115340.0 	 4.6265
2116180.0 	 5.1735
2117030.0 	5334
2117880.0 	 5.1527
2118720.0 	 4.7551
2119570.0 	 4.4648
2120420.0 	 3.8931
2121200.0 	 3.6445
2121270.0 	 3.6239
2122120.0 	 3.4714
2123820.0 	 3.1475
2124670.0 	 3.2024
2125740.0 	 3.0438
2127010.0 	 2.9227
2128290.0 	 2.8103
2130000.0 	 2.8281
2132140.0 	 2.7278
2134200.0 	 2.6817
2134280.0 	 2.6784
2136430.0 	 2.5788
2138580.0 	 2.5635
2140730.0 	 2.4813
2142880.0 	 2.4334
2145040.0 	 2.4125
2147200.0 	 2.4422
2149360.0 	 2.4819
2153700.0 	 2.3249
2155880.0 	 2.3163
2158050.0 	 2.33
2160230.0 	 2.3116
2162420.0 	 2.2582
2162800.0 	 2.2606
2164610.0 	 2.2625
2166360.0 	 2.2508
2167670.0 	 2.3548
2168990.0 	 2.5029
2170310.0 	 2.6777
2171630.0 	2891
2172950.0 	 2.9082
2174270.0 	 2.7689
2175590.0 	 2.7299
2176920.0 	 2.6337
2178240.0 	 2.5844
2179300.0 	 2.4216
2179570.0 	2382
2181340.0 	 2.3856
2185780.0 	 2.2488
2188000.0 	 2.2004
2190220.0 	 2.1312
2192450.0 	 2.1275
2194690.0 	 2.1352
2194900.0 	 2.1352
2196920.0 	 2.1223
2200000.0 	 2.0662
2201410.0 	 2.0403
2203650.0 	 2.0213
2205900.0 	 2.0107
2208160.0 	 2.0483
2210420.0 	 1.9798
2212200.0 	 1.9864
2212680.0 	 1.9726
2214940.0 	 1.9727
2216600.0 	 1.9885
2217210.0 	 1.9954
2219030.0 	 2.0091
2220390.0 	 2.0308
2223120.0 	 2.2673
2224400.0 	 2.4016
2224490.0 	 2.4152
2225860.0 	 2.7693
2227230.0 	 2.9639
2228600.0 	 2.9829
2229600.0 	 2.8909
2229970.0 	 2.8756
2231350.0 	 2.7424
2232720.0 	 2.4989
2234100.0 	 2.3851
2235480.0 	 2.2834
2235600.0 	 2.2698
2236860.0 	 2.0597
2240080.0 	 1.9278
2242390.0 	 1.8241
2247010.0 	 1.7528
2249330.0 	 1.7412
2249500.0 	 1.7448
2250000.0 	 1.7489
2251650.0 	 1.7624
2253970.0 	 1.6746
2256300.0 	 1.6603
2258630.0 	 1.6413
2259000.0 	 1.6398
2260970.0 	 1.5814
2263300.0 	 1.4894
2265650.0 	 1.5066
2267990.0 	 1.4896
2268600.0 	 1.5097
2270340.0 	 1.5472
2272700.0 	 1.6593
2275500.0 	 1.7067
2277410.0 	 1.8485
2279780.0 	 2.0872
2282150.0 	 2.4623
2283300.0 	 2.4623
2284520.0 	 2.4832
2286890.0 	 2.8706
2289270.0 	 3.0665
2291660.0 	3199
2292800.0 	 3.1685
2294040.0 	 3.1123
2296430.0 	 2.9138
2298830.0 	 2.8064
2301230.0 	 2.7647
2303630.0 	 2.7311
2305000.0 	2684
2306030.0 	 2.6346
2308440.0 	 2.5809
2310860.0 	 2.4784
2313270.0 	 2.3953
2315690.0 	 2.2578
2318120.0 	 2.1987
2320550.0 	 2.1709
2322980.0 	 2.1329
2325410.0 	 2.1021
2327850.0 	 2.0469
2330300.0 	 2.0829
2331400.0 	 2.0623
2332740.0 	2031
2335190.0 	 1.8866
2337400.0 	 1.9428
2339370.0 	 1.9717
2341340.0 	 1.9041
2343310.0 	 1.9802
2345290.0 	1925
2347260.0 	 1.8979
2349240.0 	 2.0067
2351220.0 	 1.9418
2355190.0 	 1.9178
2356300.0 	 1.9204
2357180.0 	 1.9099
2359170.0 	 1.9074
2361170.0 	 1.8792
2363160.0 	 1.8293
2365160.0 	 1.8553
2366670.0 	 1.9326
2367670.0 	 1.9279
2368670.0 	 1.9666
2369670.0 	 2.1361
2370400.0 	 2.2543
2370680.0 	 2.3059
2371680.0 	 2.6518
2372680.0 	 3.0214
2373690.0 	 3.2409
2374700.0 	 3.2657
2375700.0 	 3.0271
2376710.0 	2664
2376900.0 	 2.6156
2377720.0 	 2.4253
2378730.0 	 2.1733
2380750.0 	 2.0095
2381760.0 	 1.9512
2383270.0 	 1.9072
2385300.0 	 1.8655
2387320.0 	 1.8659
2387800.0 	 1.8796
2389350.0 	 1.8886
2391390.0 	 1.8784
2393420.0 	 1.7469
2395460.0 	 1.7495
2397500.0 	 1.7667
2399540.0 	 1.7945
2400000.0 	 1.7876
2401590.0 	 1.7656
2402900.0 	 1.8215
2403640.0 	 1.8483
2405690.0 	 1.7567
2407740.0 	 1.7969
2409800.0 	 1.6782
2411860.0 	 1.6872
2413920.0 	 1.7069
2415980.0 	 1.6782
2418050.0 	 1.6628
2420120.0 	 1.6235
2422190.0 	 1.6255
2424270.0 	 1.6735
2425700.0 	 1.66
2426340.0 	 1.6443
2428420.0 	 1.6002
2430510.0 	 1.6095
2432590.0 	 1.5405
2434680.0 	 1.3881
2436770.0 	 1.3243
2438860.0 	 1.1675
2440960.0 	 0.98694
2441900.0 	 0.95656
2443060.0 	 0.94991
2445160.0 	 1.1168
2447260.0 	 1.3425
2449370.0 	 1.7739
2451480.0 	 2.0013
2453590.0 	 2.3865
2455710.0 	 2.6934
2457830.0 	 2.8921
2459300.0 	 2.9898
2459950.0 	 3.0583
2462070.0 	3141
2462500.0 	 3.1373
2466330.0 	 2.9087
2468460.0 	 2.7544
2470590.0 	 2.6327
2472730.0 	 2.6565
2474870.0 	2521
2476600.0 	 2.5392
2477010.0 	 2.5397
2479160.0 	 2.5917
2481310.0 	 2.6137
2483460.0 	 2.6793
2485300.0 	 2.7118
2485610.0 	 2.7168
2487230.0 	 2.7803
2488310.0 	 2.8447
2489390.0 	 2.8923
2490470.0 	 3.0219
2491550.0 	 3.2338
2492630.0 	 3.4663
2493720.0 	 3.5974
2493900.0 	3641
2494800.0 	 3.8846
2495880.0 	 4.2875
2496970.0 	 4.4721
2498050.0 	 4.6912
2499140.0 	 4.5196
2500230.0 	 4.4649
2502400.0 	 3.7894
2503490.0 	 3.6029
2504580.0 	 3.4379
2505940.0 	 3.2716
2506900.0 	 3.1877
2507580.0 	 3.1247
2509220.0 	3091
2510860.0 	3036
2512500.0 	 2.8784
2514150.0 	 2.8326
2515790.0 	 2.8866
2517440.0 	2836
2519090.0 	 2.7108
2520740.0 	 2.7623
2522940.0 	 2.6506
2525700.0 	 2.6972
2528460.0 	 2.6816
2528600.0 	 2.6831
2531230.0 	 2.6832
2534000.0 	 2.7675
2536770.0 	 2.6282
2539550.0 	 2.6672
2542340.0 	 2.6081
2545130.0 	 2.6318
2547920.0 	 2.7583
2550000.0 	 2.7025
2550720.0 	 2.6833
2551400.0 	 2.6758
2553530.0 	 2.6488
2556330.0 	 2.6867
2559150.0 	 2.6833
2561960.0 	 2.6462
2564780.0 	 2.6612
2565400.0 	 2.6594
2567610.0 	2673
2570440.0 	 2.7938
2573280.0 	 2.6562
2576120.0 	 2.6326
2578400.0 	2636
2578960.0 	 2.6305
2581810.0 	 2.5447
2584670.0 	 2.5491
2587530.0 	 2.5267
2590390.0 	 2.4918
2593260.0 	 2.5384
2596140.0 	 2.5699
2599000.0 	 2.6574
2599020.0 	 2.6583
2600000.0 	 2.6813
2601900.0 	 2.7247
2604210.0 	 2.6651
2605940.0 	 2.5725
2607680.0 	 2.5052
2609420.0 	 2.5186
2611160.0 	 2.4756
2612900.0 	 2.5865
2614640.0 	 2.4607
2616390.0 	2536
2618130.0 	 2.5887
2619880.0 	 2.5282
2621630.0 	2505
2622900.0 	 2.5083
2623390.0 	 2.5027
2625140.0 	 2.5218
2626900.0 	 2.4955
2628650.0 	 2.3945
2630410.0 	 2.4958
2632170.0 	 2.3697
2633400.0 	 2.3606
2633940.0 	 2.3632
2635700.0 	 2.3663
2637470.0 	 2.3989
2639240.0 	 2.3983
2641000.0 	 2.4562
2641010.0 	 2.4564
2642780.0 	 2.4264
2644550.0 	 2.3864
2646330.0 	 2.3859
2648100.0 	 2.2822
2649880.0 	 2.3257
2651660.0 	 2.2981
2653440.0 	 2.3286
2654930.0 	 2.4849
2656120.0 	 2.4404
2657310.0 	 2.5022
2658500.0 	 3.0033
2659700.0 	 3.4692
2660700.0 	 3.6414
2660890.0 	 3.6754
2662080.0 	 3.6563
2663280.0 	 2.9873
2664480.0 	 2.6129
2665670.0 	 2.4243
2666870.0 	2252
2668070.0 	 2.2134
2669270.0 	 2.1669
2670770.0 	 2.1885
2672570.0 	 2.1481
2672800.0 	 2.1552
2674370.0 	 2.2206
2676180.0 	 2.1716
2677990.0 	 2.1947
2679600.0 	 2.1508
2679790.0 	 2.1425
2681610.0 	 2.1034
2683420.0 	 2.0434
2685230.0 	 2.0458
2687050.0 	 2.0343
2688870.0 	 2.1088
2690690.0 	2061
2692510.0 	 2.1602
2694330.0 	2318
2696160.0 	 2.4259
2697990.0 	2486
2699300.0 	 2.4522
2699820.0 	 2.4468
2701650.0 	 2.4378
2703480.0 	 2.3873
2705310.0 	 2.3258
2707150.0 	 2.2851
2708990.0 	 2.2996
2710830.0 	 2.2056
2712670.0 	 2.2164
2713000.0 	 2.2292
2714520.0 	2266
2716360.0 	 2.1917
2718210.0 	 2.1927
2720060.0 	 2.1048
2721910.0 	 2.0655
2723770.0 	 2.0455
2725620.0 	 1.9472
2727480.0 	 1.8326
2729340.0 	1711
2731200.0 	 1.6562
2733070.0 	 1.7157
2734930.0 	 1.8109
2736800.0 	 1.8756
2738000.0 	 1.8904
2740540.0 	 1.9388
2742410.0 	 1.9036
2744290.0 	2031
2745540.0 	 1.9411
2746160.0 	 1.8965
2749920.0 	 1.9846
2750000.0 	 1.9839
2751800.0 	 1.9666
2754000.0 	 1.9379
2756520.0 	 2.0084
2759040.0 	 1.9993
2760000.0 	 1.9602
2761560.0 	 1.8966
2764090.0 	 1.8559
2764600.0 	 1.8657
2766620.0 	 1.8953
2769150.0 	 1.9101
2771690.0 	 1.9531
2774230.0 	 2.0384
2776770.0 	 2.0573
2779320.0 	 2.1177
2780000.0 	 2.1118
2781870.0 	 2.0956
2784430.0 	2104
2786980.0 	 2.0963
2788800.0 	 2.1235
2789550.0 	 2.1394
2792110.0 	 2.1183
2794680.0 	 2.1438
2797250.0 	 2.1337
2799830.0 	 2.0831
2800000.0 	 2.0828
2802410.0 	 2.0779
2804990.0 	 2.1144
2807580.0 	 2.1793
2808600.0 	 2.1666
2810170.0 	 2.1342
2812760.0 	 2.2241
2815360.0 	2165
2817960.0 	 2.2039
2820000.0 	 2.1907
2820560.0 	 2.1871
2825780.0 	 2.3457
2827500.0 	 2.3043
2828400.0 	 2.2718
2833640.0 	 2.4313
2836260.0 	 2.4677
2838890.0 	 2.4925
2841530.0 	 2.6598
2842700.0 	 2.6506
2844160.0 	2642
2846810.0 	 2.7008
2849450.0 	 2.7783
2850000.0 	 2.7888
2852100.0 	 2.8292
2854100.0 	 2.8427
2854750.0 	 2.8483
2857410.0 	 2.6844
2862730.0 	 2.7298
2863900.0 	 2.7191
2865390.0 	 2.7531
2868070.0 	 2.7545
2870740.0 	 2.7381
2873080.0 	 2.5645
2875090.0 	 2.3346
2876800.0 	 2.1888
2877110.0 	 2.1655
2879120.0 	 2.1131
2881140.0 	2033
2883160.0 	 1.9146
2885180.0 	 1.9448
2887200.0 	 1.8884
2888900.0 	 1.8901
2889230.0 	 1.8837
2891250.0 	 1.8842
2893280.0 	 1.7993
2895320.0 	1828
2897350.0 	 1.8143
2899390.0 	 1.8435
2900000.0 	 1.8197
2901430.0 	 1.7641
2903400.0 	 1.8472
2903470.0 	 1.8496
2905510.0 	 1.7949
2907550.0 	 1.7162
2909600.0 	 1.6949
2911650.0 	 1.6822
2913700.0 	 1.6785
2915750.0 	 1.7025
2916300.0 	 1.6929
2917470.0 	 1.6648
2918840.0 	1647
2920210.0 	 1.5955
2921580.0 	 1.6457
2922960.0 	 1.6399
2924330.0 	 1.7231
2925710.0 	 1.7721
2927090.0 	 1.7623
2928470.0 	1838
2929850.0 	 1.9075
2931230.0 	 2.0198
2932610.0 	 2.0564
2935370.0 	 2.3519
2936760.0 	 2.5468
2938140.0 	 2.8617
2939000.0 	2795
2939530.0 	 2.7649
2940000.0 	 2.7837
2940910.0 	 2.8201
2942300.0 	 2.5803
2943690.0 	 2.4312
2945080.0 	 2.1714
2946470.0 	 1.9901
2947860.0 	 1.8194
2949260.0 	 1.7364
2950000.0 	 1.6896
2950650.0 	 1.6485
2952050.0 	 1.6189
2954140.0 	 1.5245
2956930.0 	 1.5083
2962540.0 	1514
2965350.0 	 1.4872
2965500.0 	 1.4884
2968160.0 	 1.4687
2970970.0 	 1.3877
2973790.0 	 1.3665
2976620.0 	 1.3762
2979450.0 	 1.2853
2982280.0 	 1.2407
2985110.0 	 1.3549
2985300.0 	 1.3488
2987950.0 	 1.2614
2990800.0 	 1.3035
2993290.0 	 1.3782
2995430.0 	 1.4304
2997570.0 	 1.5812
2999710.0 	1684
3000000.0 	 1.6916
3001860.0 	 1.7402
3004000.0 	 1.9005
3006150.0 	 2.0386
3008310.0 	 2.2012
3010460.0 	 2.2888
3012620.0 	 2.4882
3014780.0 	 2.5047
3016940.0 	 2.4439
3019100.0 	 2.4668
3021270.0 	 2.3979
3023440.0 	 2.2876
3025610.0 	 2.2085
3027780.0 	 2.1706
3029960.0 	 2.0692
3032130.0 	 2.0779
3034310.0 	 2.0722
3036500.0 	 2.1365
3038680.0 	 2.0803
3040870.0 	2092
3042100.0 	 2.1395
3043060.0 	 2.1697
3045250.0 	1987
3047450.0 	 1.9479
3049640.0 	 1.8623
3050000.0 	 1.8461
3051840.0 	 1.7636
3054040.0 	 1.7176
3055880.0 	 1.7287
3057350.0 	 1.8242
3058820.0 	 1.9775
3060290.0 	2305
3061770.0 	 2.5032
3063240.0 	 2.6195
3063900.0 	 2.4891
3064720.0 	 2.3449
3066190.0 	 2.0107
3067670.0 	 1.7509
3069150.0 	 1.5305
3070630.0 	1506
3072850.0 	 1.4942
3078790.0 	 1.4736
3081760.0 	 1.5222
3084500.0 	 1.6293
3084740.0 	1633
3087730.0 	 1.6205
3090720.0 	 1.6689
3093710.0 	 1.7851
3095950.0 	 1.7568
3097450.0 	 1.8795
3098960.0 	 1.9046
3100000.0 	 1.9298
3100460.0 	1941
3101960.0 	 2.2492
3103460.0 	 2.2224
3104970.0 	 2.26
3105100.0 	 2.2854
3106470.0 	 2.5466
3107980.0 	 2.5177
3109490.0 	 2.5763
3111000.0 	 2.7235
3112510.0 	 2.5204
3114020.0 	 2.4684
3115530.0 	 2.4309
3116500.0 	 2.2752
3117050.0 	 2.1991
3120080.0 	 2.1157
3121590.0 	 2.0955
3123110.0 	 1.9108
3124630.0 	 1.8462
3126150.0 	 1.8569
3127670.0 	 1.7896
3129200.0 	 1.6585
3130720.0 	 1.6168
3132240.0 	 1.9796
3133770.0 	 2.2861
3134900.0 	 2.5622
3135300.0 	 2.6605
3136820.0 	 2.9213
3138350.0 	 3.0373
3139890.0 	 3.0312
3141420.0 	 3.0565
3142950.0 	 3.2758
3144480.0 	 3.3674
3146020.0 	 3.2922
3147550.0 	 3.3162
3149090.0 	 3.0806
3150000.0 	 2.9489
3150630.0 	 2.8577
3152170.0 	 2.5969
3153710.0 	 2.3251
3155250.0 	2183
3156790.0 	 2.2035
3158340.0 	 2.0846
3159880.0 	 2.0039
3161430.0 	 1.8786
3162980.0 	 1.9598
3164520.0 	 1.8495
3166070.0 	1867
3167620.0 	 1.8388
3169180.0 	 1.7891
3170600.0 	 1.9247
3170730.0 	 1.9362
3172280.0 	 2.0676
3173840.0 	 2.1461
3175400.0 	 2.0753
3176000.0 	 1.9707
3176950.0 	 1.8052
3178510.0 	 1.9322
3180000.0 	1821
3180850.0 	 1.7575
3183980.0 	 1.7104
3187110.0 	1692
3190240.0 	 1.6516
3193380.0 	 1.6164
3196520.0 	 1.5768
3199670.0 	 1.5555
3200000.0 	 1.5581
3201000.0 	 1.5661
3202820.0 	 1.5674
3205980.0 	 1.5228
3209140.0 	 1.5505
3211910.0 	 1.5591
3214290.0 	 1.5362
3216670.0 	 1.5795
3219050.0 	 1.7211
3219400.0 	 1.7194
3221430.0 	 1.6785
3223820.0 	 1.7081
3226210.0 	1769
3228610.0 	 1.9846
3231000.0 	 2.3976
3231300.0 	 2.4132
3233400.0 	 2.5373
3235800.0 	 2.5502
3236200.0 	 2.5368
3238210.0 	 2.5152
3240000.0 	 2.4157
3240610.0 	 2.3818
3243020.0 	 2.2397
3245430.0 	 1.9633
3247600.0 	 1.9825
3247850.0 	 1.9866
3250260.0 	 1.7433
3252690.0 	 1.6825
3255110.0 	 1.5738
3257530.0 	 1.6224
3260000.0 	 1.6116
3260370.0 	 1.6099
3263300.0 	 1.5537
3263610.0 	 1.5419
3266860.0 	 1.5788
3270110.0 	 1.5145
3273370.0 	 1.5321
3276630.0 	 1.4921
3279890.0 	 1.5055
3280000.0 	1511
3283170.0 	 1.6683
3286440.0 	 1.8382
3289720.0 	 1.5804
3290400.0 	 1.5495
3293010.0 	 1.4518
3296300.0 	 1.5234
3300000.0 	1496
3302900.0 	1463
3306210.0 	 1.4924
3309520.0 	 1.4822
3312830.0 	 1.5306
3316160.0 	 1.6
3319480.0 	 1.5977
3322810.0 	 1.5733
3326150.0 	1522
3326700.0 	 1.5298
3329490.0 	1548
3332840.0 	 1.6835
3336190.0 	 1.6565
3339540.0 	 1.5865
3340000.0 	 1.5967
3342910.0 	 1.6617
3346270.0 	 1.5777
3349640.0 	 1.6072
3350000.0 	 1.6113
3351630.0 	 1.6299
3351632.0 	 1.629923
3353020.0 	 1.6457
3355000.0 	 1.7133
3356400.0 	 1.7611
3359790.0 	 1.6943
3360000.0 	 1.6931
3361100.0 	 1.6868
3363180.0 	 1.6869
3366580.0 	 1.7394
3369980.0 	1758
3373390.0 	 1.8557
3376380.0 	 1.9889
3378940.0 	 1.9548
3380000.0 	 2.0286
3381510.0 	 2.1337
3384070.0 	 2.2053
3386640.0 	 2.1584
3389220.0 	 1.8068
3391800.0 	 1.7476
3394380.0 	1609
3396960.0 	 1.6026
3399550.0 	 1.6183
3400000.0 	1612
3402140.0 	 1.5831
3404730.0 	 1.6892
3405300.0 	 1.6929
3407320.0 	 1.6878
3409920.0 	 1.7643
3412520.0 	 1.8074
3415130.0 	 1.8043
3417730.0 	 1.7893
3420000.0 	 1.8292
3420340.0 	 1.8351
3422960.0 	 2.0018
3425570.0 	 2.1004
3428190.0 	2394
3428700.0 	 2.3888
3430810.0 	 2.4002
3433440.0 	 2.1539
3436060.0 	2033
3438700.0 	 1.7941
3441330.0 	 1.8326
3444410.0 	 1.7403
3446900.0 	 1.6898
3447930.0 	 1.6636
3451450.0 	 1.7369
3454990.0 	 1.6474
3458530.0 	 1.77
3461630.0 	 1.8502
3464290.0 	 2.1028
3466950.0 	 2.0905
3469620.0 	 2.0269
3472290.0 	 1.9087
3474960.0 	 1.9031
3475500.0 	 1.9071
3477630.0 	 1.9099
3480310.0 	 1.7309
3483000.0 	 1.8004
3485680.0 	 1.7654
3488370.0 	 1.7592
3491060.0 	1741
3493750.0 	 1.7966
3495000.0 	 1.8387
3496450.0 	 1.8799
3499150.0 	 2.0537
3501860.0 	 2.2118
3504560.0 	 2.3551
3507270.0 	 2.2536
3509990.0 	 2.0174
3512700.0 	 1.8123
3515420.0 	 1.7896
3518150.0 	1603
3518400.0 	 1.6074
3520870.0 	1631
3523600.0 	 1.6388
3526330.0 	 1.6322
3529070.0 	1442
3531810.0 	1458
3534000.0 	1561
3534090.0 	 1.5673
3535920.0 	1561
3537750.0 	 1.8543
3539590.0 	 1.9781
3541420.0 	 1.9266
3543260.0 	 1.6304
3545090.0 	 1.6216
3546930.0 	 1.3673
3549230.0 	 1.4335
3551990.0 	1495
3554760.0 	 1.5213
3560300.0 	 1.6477
3563070.0 	 1.5888
3565850.0 	 1.6138
3568630.0 	 1.7345
3571420.0 	 1.7161
3574210.0 	 1.7099
3574300.0 	 1.7034
3577000.0 	 1.4988
3579790.0 	 1.5399
3582590.0 	 1.4191
3585390.0 	 1.4965
3588200.0 	 1.4505
3590540.0 	 1.5359
3592410.0 	 1.5196
3594290.0 	 1.5468
3596160.0 	1692
3598040.0 	 1.7821
3599920.0 	 1.6776
3600000.0 	 1.6757
3601800.0 	 1.6323
3603680.0 	 1.4483
3605570.0 	 1.2157
3607450.0 	 1.2589
3609340.0 	 1.0948
3611700.0 	 1.0056
3614530.0 	 0.96122
3617370.0 	961
3620220.0 	 1.0457
3623060.0 	 1.0962
3625910.0 	 1.0583
3628760.0 	 1.0764
3631620.0 	 1.0461
3634480.0 	 1.0681
3637340.0 	 1.0548
3638000.0 	 1.0669
3640210.0 	 1.0981
3643080.0 	1085
3645950.0 	 1.1607
3648830.0 	 1.1338
3651710.0 	 1.0679
3654590.0 	 1.0216
3657480.0 	 1.0544
3660370.0 	1105
3663260.0 	 1.1341
3666160.0 	 1.2151
3669060.0 	 1.1807
3671960.0 	 1.1641
3674400.0 	 1.1195
3674870.0 	 1.1086
3677780.0 	 0.98119
3680000.0 	 0.95979
3680690.0 	 0.95314
3683610.0 	 1.0285
3686040.0 	 1.0649
3687990.0 	 0.99661
3689940.0 	 1.0097
3691890.0 	1114
3693850.0 	 1.1498
3695800.0 	 1.3579
3697760.0 	 1.5527
3699720.0 	 1.7781
3700000.0 	 1.7891
3701680.0 	 1.8556
3703640.0 	1783
3705600.0 	 1.6428
3707570.0 	 1.4518
3709530.0 	 1.3745
3711500.0 	 1.2281
3715930.0 	 1.0861
3718890.0 	 0.93673
3719900.0 	 0.95768
3720000.0 	 0.95948
3724820.0 	 1.0464
3727790.0 	 1.0386
3730770.0 	 1.1031
3733740.0 	 1.1182
3736720.0 	 1.2021
3739710.0 	 1.3758
3742700.0 	 1.5308
3745690.0 	 1.5745
3748680.0 	 1.6099
3749000.0 	 1.6197
3751680.0 	 1.7023
3752400.0 	 1.6809
3754690.0 	 1.6178
3755690.0 	 1.6098
3755693.0 	 1.609776
3757690.0 	 1.5938
3760000.0 	 1.6162
3760700.0 	1623
3763720.0 	 1.5696
3766730.0 	 1.6186
3769750.0 	 1.6869
3772780.0 	 1.6528
3774500.0 	 1.6444
3775800.0 	 1.6668
3778840.0 	 1.7068
3781870.0 	 1.7365
3784910.0 	 1.8845
3787950.0 	 1.8703
3791000.0 	 1.6726
3796600.0 	 1.7692
3797100.0 	 1.7602
3800000.0 	 1.6131
3800160.0 	1605
3803220.0 	 1.4994
3806290.0 	 1.4699
3809360.0 	 1.3674
3812430.0 	 1.4095
3813500.0 	 1.4011
3814990.0 	 1.4294
3817040.0 	 1.7054
3819100.0 	 1.9634
3821150.0 	 1.9126
3823210.0 	 1.8315
3825270.0 	 1.5607
3827840.0 	 1.3884
3830940.0 	 1.4728
3834040.0 	 1.5019
3836620.0 	 1.7951
3838690.0 	 1.9706
3840000.0 	 1.9505
3840760.0 	 1.9389
3842840.0 	 1.6349
3844910.0 	 1.4455
3846990.0 	 1.1223
3849070.0 	 1.2183
3851150.0 	 1.0995
3853750.0 	 1.0846
3856870.0 	1115
3860000.0 	 1.1267
3865300.0 	 1.2205
3866280.0 	 1.2308
3869420.0 	 1.2734
3872560.0 	 1.2022
3875710.0 	 1.2365
3878860.0 	 1.2756
3880000.0 	 1.2824
3882020.0 	 1.2944
3884800.0 	 1.3478
3885180.0 	 1.3527
3888350.0 	 1.3279
3891520.0 	 1.3935
3894690.0 	 1.3222
3897860.0 	 1.3807
3900000.0 	 1.4346
3901040.0 	 1.4608
3904230.0 	 1.6447
3907420.0 	 1.7061
3910610.0 	 1.7332
3913800.0 	 1.5895
3917000.0 	 1.7289
3920210.0 	 1.7879
3923410.0 	 1.8603
3923800.0 	 1.8737
3926630.0 	 1.9392
3929840.0 	 1.9338
3933060.0 	 1.7141
3936280.0 	 1.6519
3939400.0 	 1.5984
3939510.0 	 1.6002
3940000.0 	 1.6091
3942740.0 	 1.6583
3945980.0 	 1.6683
3949220.0 	 1.8148
3950000.0 	 1.8728
3952460.0 	 2.0558
3955710.0 	 2.2316
3958960.0 	 2.0711
3960000.0 	 2.0544
3962220.0 	 2.0188
3965470.0 	 1.9892
3968700.0 	 1.9339
3968740.0 	 1.9325
3972010.0 	1851
3975280.0 	 1.8311
3978550.0 	 1.6893
3981830.0 	 1.6726
3985120.0 	 1.6713
3988400.0 	 1.6512
3991700.0 	 1.6516
3994990.0 	 1.7316
3998290.0 	 1.7538
3999160.0 	 1.7668
4000000.0 	 1.7793
4001600.0 	1803
4004900.0 	 1.7097
4008220.0 	 1.6083
4011530.0 	1618
4014850.0 	 1.6228
4018180.0 	 1.7119
4021510.0 	 1.7075
4022700.0 	1773
4024840.0 	 1.8908
4028180.0 	 1.7976
4030700.0 	 1.9071
4031280.0 	 1.9323
4031283.0 	 1.93243
4031520.0 	 1.9427
4034860.0 	 2.0379
4038210.0 	 2.0549
4040000.0 	 2.0968
4041570.0 	 2.1335
4044930.0 	 2.1664
4048290.0 	 2.3773
4051650.0 	 2.4661
4055020.0 	 2.4289
4058400.0 	 2.1988
4061300.0 	1984
4061780.0 	 1.9502
4064600.0 	 1.7796
4066860.0 	 1.7355
4069110.0 	 1.5365
4071380.0 	 1.6708
4073640.0 	 1.6742
4075900.0 	 1.7052
4078170.0 	 1.8387
4080000.0 	 1.9853
4080440.0 	 2.0205
4082710.0 	 1.8452
4084980.0 	 1.7407
4087830.0 	 1.4206
4091240.0 	 1.2243
4094660.0 	 1.1535
4096400.0 	 1.1746
4098090.0 	 1.1851
4100000.0 	 1.1452
4101520.0 	 1.1135
4104380.0 	 1.2172
4106670.0 	 1.2362
4108960.0 	 1.3956
4111250.0 	1418
4113550.0 	 1.6687
4115850.0 	1822
4118150.0 	 1.9546
4120450.0 	 1.8478
4122760.0 	 1.6187
4125060.0 	 1.5394
4127950.0 	 1.4458
4131410.0 	 1.3901
4134890.0 	 1.2922
4136400.0 	 1.2965
4138360.0 	1314
4140000.0 	 1.2553
4141840.0 	 1.1894
4145320.0 	 1.1212
4148810.0 	 1.1109
4152310.0 	 1.0752
4155220.0 	 1.1084
4159890.0 	 1.2838
4162230.0 	 1.4366
4164570.0 	 1.5509
4166910.0 	 1.5016
4169250.0 	1493
4171600.0 	 1.2372
4173940.0 	 0.92294
4176290.0 	 0.69591
4178640.0 	 0.5962
4180000.0 	 0.61802
4181000.0 	 0.6341
4183350.0 	 0.7441
4185710.0 	 0.77378
4186100.0 	 0.7983
4188070.0 	 0.9041
4190430.0 	 1.0981
4192790.0 	 1.1862
4195160.0 	 1.3177
4197530.0 	 1.4144
4199900.0 	1652
4202270.0 	 1.9681
4204640.0 	 1.9668
4207020.0 	2257
4209390.0 	 2.5977
4211770.0 	 2.9031
4214150.0 	 2.9667
4216540.0 	 3.0565
4218920.0 	 2.8103
4220000.0 	 2.8243
4221000.0 	 2.8373
4221310.0 	 2.8413
4223700.0 	 2.7844
4226090.0 	 2.6673
4228490.0 	 2.4816
4230880.0 	 2.3373
4233280.0 	 2.0903
4235680.0 	 2.1228
4238680.0 	 1.9292
4240000.0 	 1.8956
4242290.0 	 1.8373
4245900.0 	 1.7212
4249520.0 	 1.6917
4253140.0 	 1.7495
4256760.0 	 1.7098
4259300.0 	 1.7583
4260000.0 	 1.7882
4260390.0 	 1.8049
4264030.0 	 1.9198
4267670.0 	 2.1572
4271310.0 	 2.1436
4274960.0 	 2.1968
4278620.0 	 2.0755
4282280.0 	 1.8893
4283600.0 	 1.8885
4285940.0 	1861
4289610.0 	 1.8987
4293280.0 	 1.7975
4296960.0 	 2.0019
4300000.0 	 1.9387
4300640.0 	 1.9254
4304330.0 	 1.9342
4308020.0 	 1.9826
4309000.0 	 2.0086
4311710.0 	 2.0434
4315410.0 	 1.7617
4319120.0 	 1.6281
4322830.0 	 1.5772
4326550.0 	 1.4896
4330270.0 	 1.6964
4333990.0 	 1.9206
4337720.0 	 1.9244
4340000.0 	 1.8235
4341460.0 	 1.7589
4342100.0 	 1.7563
4345200.0 	 1.7565
4348940.0 	 1.8404
4352690.0 	 1.8074
4355820.0 	 2.0633
4358320.0 	 2.1412
4360000.0 	 2.0188
4360830.0 	 1.9583
4363340.0 	 1.8141
4366480.0 	 1.6634
4370250.0 	 1.4038
4374030.0 	 1.3596
4375000.0 	 1.3236
4377810.0 	 1.2192
4381600.0 	 1.1294
4384100.0 	 1.0215
4385390.0 	 0.97538
4389190.0 	 1.0014
4392990.0 	1059
4396790.0 	 1.2371
4400000.0 	 1.3694
4400610.0 	 1.3946
4404420.0 	 1.5273
4408240.0 	 1.6327
4412070.0 	 1.5217
4415660.0 	 1.7647
4415900.0 	1781
4419740.0 	 1.6718
4421000.0 	 1.6922
4423580.0 	 1.7339
4427430.0 	 1.7864
4431280.0 	 1.6876
4435130.0 	1629
4439000.0 	 1.7602
4442860.0 	 1.7573
4446730.0 	 1.6859
4450610.0 	 1.8513
4454490.0 	 1.9291
4458380.0 	1929
4462100.0 	 1.8087
4462270.0 	 1.8024
4466170.0 	 1.6415
4470070.0 	 1.7814
4473980.0 	 1.8943
4477890.0 	 1.9464
4480000.0 	 1.9616
4481810.0 	 1.9746
4485730.0 	 2.0313
4489660.0 	 2.2181
4493590.0 	 2.1161
4497530.0 	 2.1042
4500000.0 	 1.9758
4501480.0 	 1.8989
4503000.0 	 1.9362
4505420.0 	 1.9466
4509380.0 	 1.7118
4512680.0 	 1.5243
4515320.0 	 1.6468
4517960.0 	 1.6842
4520000.0 	 1.7904
4520610.0 	 1.8221
4523260.0 	2051
4525910.0 	 1.9602
4526000.0 	 1.9632
4528560.0 	2136
4531220.0 	 2.0515
4533880.0 	 2.0487
4536540.0 	 1.9847
4539200.0 	 2.1121
4540000.0 	2126
4541870.0 	 2.1583
4544530.0 	 1.9223
4547200.0 	 1.8016
4549880.0 	 1.4161
4552550.0 	 1.3907
4555230.0 	 1.3422
4557910.0 	 1.3771
4560000.0 	 1.3993
4560590.0 	 1.4056
4563270.0 	 1.4462
4565960.0 	 1.6599
4568650.0 	 1.8569
4571340.0 	 1.7969
4572600.0 	 1.6732
4574030.0 	 1.5072
4576730.0 	 1.3452
4579430.0 	 1.2574
4580000.0 	 1.2797
4582130.0 	 1.3631
4585510.0 	 1.2479
4589570.0 	 1.4536
4593630.0 	 1.4323
4597700.0 	1476
4600000.0 	 1.4356
4601780.0 	 1.4043
4605860.0 	 1.5729
4609950.0 	 1.6683
4614040.0 	 1.7575
4620000.0 	1811
4622240.0 	 1.8311
4625000.0 	 1.8793
4626350.0 	 1.9029
4630470.0 	 1.9375
4634590.0 	 1.9828
4638710.0 	 1.9288
4640000.0 	 1.9699
4642850.0 	 2.0605
4646980.0 	 2.0746
4651120.0 	 1.8754
4655270.0 	 1.9153
4660000.0 	 1.8524
4663590.0 	 1.8108
4663600.0 	 1.8112
4667750.0 	 1.9817
4671920.0 	 1.7765
4676100.0 	 1.6617
4680280.0 	 1.5675
4684460.0 	 1.4633
4688660.0 	 1.5764
4692160.0 	 1.5441
4694960.0 	1694
4697760.0 	 1.6958
4700000.0 	 1.8818
4700570.0 	 1.9292
4703380.0 	 2.0882
4706190.0 	 2.2743
4709000.0 	 2.2882
4711820.0 	 2.0178
4714640.0 	 1.7255
4717460.0 	1484
4720000.0 	 1.3407
4720280.0 	 1.3249
4723110.0 	 1.0526
4723200.0 	 1.0527
4725940.0 	 1.0631
4728770.0 	 1.0346
4731600.0 	 1.3063
4734440.0 	1813
4737280.0 	 2.1631
4740000.0 	 2.2472
4740120.0 	 2.2509
4742970.0 	 2.0906
4750000.0 	 2.0344
4750800.0 	2028
4755090.0 	 2.1235
4759370.0 	 2.3293
4763670.0 	 2.3979
4767970.0 	 2.6445
4772270.0 	 2.6445
4775600.0 	 2.5154
4776580.0 	 2.4773
4777400.0 	 2.4629
4780000.0 	 2.4398
4780900.0 	 2.4318
4781380.0 	 2.4445
4781385.0 	 2.444632
4783500.0 	 2.5006
4784300.0 	 2.5345
4785230.0 	 2.5739
4789550.0 	 2.6016
4793170.0 	 2.3186
4796060.0 	 2.0409
4798950.0 	 1.9165
4800000.0 	 1.9432
4801850.0 	 1.9902
4804750.0 	 2.0193
4807660.0 	 1.9525
4809900.0 	 2.0368
4810560.0 	 2.0554
4813470.0 	 2.1952
4816380.0 	 2.2332
4819290.0 	 2.1585
4820000.0 	 2.1465
4822210.0 	 2.1093
4825130.0 	 1.7681
4828050.0 	 1.4808
4830980.0 	 1.4677
4833900.0 	 1.3647
4836830.0 	 1.3434
4838200.0 	 1.4375
4839770.0 	 1.5453
4840000.0 	1548
4842400.0 	 1.5763
4842700.0 	1577
4845640.0 	 1.6667
4848580.0 	 1.6746
4851520.0 	 1.7893
4854470.0 	 2.1088
4857410.0 	 2.4005
4860000.0 	 2.5749
4860370.0 	 2.5999
4863320.0 	 2.7133
4864000.0 	 2.6478
4866280.0 	 2.4539
4869240.0 	 2.4056
4872200.0 	 2.1159
4875000.0 	 1.9017
4875160.0 	 1.8895
4878130.0 	 1.5872
4880000.0 	 1.4515
4881100.0 	 1.3716
4884070.0 	 1.2082
4887050.0 	 1.3275
4890770.0 	 1.1992
4892100.0 	 1.2318
4895240.0 	 1.3085
4896500.0 	 1.3331
4899720.0 	 1.4104
4900000.0 	 1.4248
4903460.0 	 1.6029
4906460.0 	2004
4909450.0 	 2.2387
4912450.0 	 2.3429
4915450.0 	 2.3196
4918460.0 	 2.2575
4921460.0 	 2.1439
4924470.0 	 1.8675
4927490.0 	1668
4930500.0 	 1.5778
4934270.0 	 1.6897
4938810.0 	 1.6243
4940000.0 	 1.6317
4943350.0 	 1.6525
4946100.0 	 1.6444
4947890.0 	 1.6391
4952450.0 	 1.8798
4954000.0 	 1.9052
4957000.0 	 1.9275
4960000.0 	 1.8999
4961570.0 	 1.8855
4966140.0 	 1.6719
4970720.0 	1465
4975300.0 	 1.3495
4980000.0 	1379
4984490.0 	 1.4549
4989090.0 	 1.5792
4993700.0 	 1.7347
4998320.0 	 1.9169
5000000.0 	 1.9254
5002940.0 	 1.9408
5006210.0 	 2.0836
5007570.0 	 2.1431
5012200.0 	 2.0488
5016850.0 	 2.0857
5021490.0 	 1.9864
5029800.0 	 1.4247
5030810.0 	1359
5034700.0 	 1.2642
5037810.0 	 1.1267
5040000.0 	 1.1077
5040930.0 	 1.0997
5044050.0 	 1.1095
5047170.0 	 1.0886
5049720.0 	 1.0664
5049723.0 	 1.066374
5050300.0 	 1.0614
5053430.0 	 1.0894
5056560.0 	 1.1293
5059700.0 	 1.2362
5062830.0 	 1.3848
5065980.0 	 1.5795
5069120.0 	 1.7609
5072270.0 	 1.8625
5075420.0 	 2.0135
5078570.0 	 2.1786
5080000.0 	 2.0705
5081720.0 	 1.9405
5084880.0 	 1.7304
5088830.0 	 1.7134
5093580.0 	 1.4246
5098340.0 	 1.3739
5100000.0 	 1.4039
5103100.0 	 1.46
5107870.0 	 1.7199
5111100.0 	 1.7885
5112640.0 	 1.8157
5117430.0 	 1.9334
5122220.0 	 1.8098
5125000.0 	 1.6019
5127010.0 	 1.4515
5131010.0 	 1.4453
5134220.0 	 1.1732
5137430.0 	 1.4814
5140000.0 	 1.7009
5140640.0 	 1.7556
5143850.0 	 2.0515
5147070.0 	 2.0892
5150100.0 	 2.0734
5150290.0 	 2.0733
5153510.0 	 2.4393
5154000.0 	 2.4386
5156740.0 	 2.4348
5158500.0 	 2.3358
5158509.0 	 2.335293
5160000.0 	 2.2513
5163200.0 	 2.0132
5166430.0 	 1.8367
5169670.0 	 1.7079
5172910.0 	 1.4316
5176970.0 	 1.3374
5181840.0 	 1.3552
5186720.0 	 1.3416
5191610.0 	 1.4919
5194500.0 	 1.6358
5196500.0 	 1.7209
5200000.0 	 1.9066
5201400.0 	 1.9809
5206310.0 	 2.0387
5211220.0 	 1.7478
5216140.0 	 1.3348
5217200.0 	1302
5220000.0 	 1.2474
5221070.0 	 1.2265
5226010.0 	 1.1011
5230950.0 	 1.1311
5240000.0 	1355
5240860.0 	 1.3763
5245820.0 	 1.3195
5250000.0 	 1.2218
5250790.0 	 1.2033
5255770.0 	 1.0948
5260000.0 	 1.1581
5260760.0 	 1.1695
5265750.0 	 1.1702
5270750.0 	 1.2234
5272500.0 	 1.2793
5275750.0 	1369
5280000.0 	 1.2985
5285790.0 	 1.2026
5290820.0 	 1.0151
5295850.0 	 0.99027
5300000.0 	 1.3236
5300890.0 	1395
5305940.0 	 1.6972
5311000.0 	 1.7882
5316060.0 	 1.7557
5320000.0 	 1.4377
5321140.0 	 1.3458
5326210.0 	1085
5331300.0 	 1.0924
5336390.0 	 1.0095
5340000.0 	 0.91756
5341490.0 	 0.87958
5346600.0 	 0.76862
5352100.0 	 0.71957
5356840.0 	 0.66664
5360000.0 	 0.65146
5361970.0 	 0.64193
5367110.0 	 0.79193
5372250.0 	 0.89743
5375000.0 	 1.0553
5375400.0 	 1.0782
5377410.0 	 1.1858
5382560.0 	 1.0717
5387730.0 	 1.0461
5392910.0 	 1.0984
5398090.0 	 1.0125
5400000.0 	 1.0291
5400100.0 	 1.03
5401980.0 	 1.0591
5401981.0 	 1.059116
5403280.0 	 1.0793
5408470.0 	 1.1463
5413680.0 	 1.2029
5418890.0 	 1.1923
5421660.0 	 1.2095
5421666.0 	 1.209537
5424110.0 	 1.2247
5428470.0 	 1.2355
5431950.0 	 1.0521
5435450.0 	 0.8227
5438940.0 	 0.83763
5440000.0 	 0.77422
5442440.0 	 0.62822
5445940.0 	 0.56156
5449500.0 	 0.63709
5452950.0 	 0.66507
5456470.0 	 0.60917
5460000.0 	 0.88845
5463500.0 	 0.96043
5467020.0 	 1.1388
5470550.0 	 1.2395
5474080.0 	 1.0951
5477610.0 	 1.1802
5481150.0 	 1.1935
5484690.0 	 1.1361
5488230.0 	 1.2527
5491770.0 	 1.3065
5495000.0 	 1.1796
5495320.0 	 1.1684
5498880.0 	 1.3084
5500000.0 	 1.3288
5502430.0 	 1.3726
5505990.0 	 1.5494
5509560.0 	 1.5959
5510000.0 	 1.5959
5513120.0 	 1.5962
5516690.0 	 1.2519
5520000.0 	 1.3209
5520270.0 	 1.3265
5523850.0 	 1.3141
5528320.0 	1209
5533700.0 	 1.1392
5539090.0 	 1.1242
5540000.0 	 1.1338
5544480.0 	 1.1819
5549880.0 	 1.3979
5555300.0 	 1.4421
5560000.0 	 1.4291
5560710.0 	 1.4271
5566140.0 	 1.5197
5571580.0 	 1.6193
5577020.0 	 1.4978
5580000.0 	 1.3905
5582250.0 	 1.3095
5582254.0 	 1.309356
5582470.0 	 1.3016
5587930.0 	 1.1286
5590000.0 	 1.0862
5593390.0 	 1.0165
5598870.0 	 1.0982
5600000.0 	 1.1424
5604350.0 	 1.3131
5608100.0 	 1.4902
5609840.0 	 1.5778
5610000.0 	 1.5768
5615340.0 	 1.5448
5620000.0 	 1.4865
5620850.0 	1476
5625000.0 	 1.3579
5626360.0 	 1.3193
5631890.0 	 1.5218
5634100.0 	 1.4686
5637420.0 	1378
5640000.0 	1286
5642960.0 	 1.1804
5646800.0 	 1.2194
5647520.0 	 1.2267
5647525.0 	 1.226751
5648510.0 	 1.2367
5654060.0 	 1.3465
5659630.0 	 1.3516
5660000.0 	 1.3574
5665200.0 	 1.4397
5670000.0 	1471
5670780.0 	 1.4761
5677570.0 	 1.5606
5677571.0 	 1.560611
5679900.0 	 1.5866
5680680.0 	 1.5954
5681970.0 	 1.6098
5687570.0 	 1.8109
5690000.0 	 1.8187
5693190.0 	 1.7992
5698810.0 	 1.9597
5700000.0 	 1.9831
5704440.0 	 2.0701
5710080.0 	 2.0752
5715720.0 	1863
5720000.0 	 1.7741
5721200.0 	 1.7492
5721380.0 	 1.7472
5727050.0 	 1.6914
5732720.0 	 1.4935
5738400.0 	 1.5066
5740000.0 	 1.4732
5744090.0 	 1.3875
5749790.0 	 1.3997
5750000.0 	 1.3987
5755490.0 	 1.3726
5760000.0 	 1.3055
5761210.0 	 1.2871
5766930.0 	 1.4164
5770600.0 	1394
5772660.0 	 1.3887
5780000.0 	 1.3998
5784150.0 	 1.4062
5789910.0 	 1.5394
5795680.0 	 1.5356
5800000.0 	 1.5664
5801460.0 	1578
5807240.0 	 1.4391
5813030.0 	1539
5817400.0 	 1.4848
5818830.0 	 1.4625
5820000.0 	 1.4945
5824640.0 	 1.6213
5830460.0 	 1.6344
5834800.0 	 1.6362
5836290.0 	 1.6368
5840000.0 	 1.6989
5842130.0 	 1.7335
5847970.0 	1689
5852850.0 	 1.7745
5856760.0 	 2.0469
5860000.0 	 2.1213
5860670.0 	 2.1366
5864580.0 	 2.1914
5868500.0 	 1.9933
5872420.0 	1636
5875000.0 	 1.4656
5876350.0 	 1.3764
5880000.0 	1269
5880280.0 	 1.2608
5884210.0 	 1.1674
5888150.0 	 1.2025
5892090.0 	 1.3308
5896040.0 	 1.3412
5900000.0 	 1.3326
5903940.0 	 1.1577
5907900.0 	 1.0301
5911860.0 	 1.1283
5915830.0 	 1.1397
5919800.0 	 1.0925
5920000.0 	 1.0968
5923770.0 	 1.1772
5927750.0 	 1.2508
5931730.0 	 1.2482
5935720.0 	 1.2966
5939710.0 	 1.4391
5940000.0 	 1.4174
5943700.0 	 1.1409
5947700.0 	1085
5951700.0 	 1.0807
5955710.0 	 0.83032
5959720.0 	 0.9529
5960000.0 	 0.95895
5963730.0 	 1.0394
5968760.0 	 1.2054
5974790.0 	 1.3588
5980000.0 	 1.3648
5980840.0 	 1.3657
5986900.0 	 1.3006
5992960.0 	 1.1319
5999030.0 	 1.1342
6000000.0 	 1.1509
6005120.0 	 1.2384
6009900.0 	 1.3482
6011210.0 	 1.3721
6017310.0 	 1.3852
6020000.0 	 1.4213
6023420.0 	 1.4672
6029540.0 	 1.3989
6035670.0 	 1.4408
6040000.0 	1544
6041810.0 	 1.5869
6047960.0 	 1.4615
6054120.0 	 1.4162
6056700.0 	 1.4339
6060000.0 	 1.4933
6060280.0 	 1.4983
6066460.0 	 1.5584
6072650.0 	1407
6078840.0 	 1.3604
6085050.0 	 1.4331
6086600.0 	 1.4346
6091260.0 	 1.4067
6097490.0 	 1.4337
6100000.0 	 1.3667
6103720.0 	 1.2691
6109960.0 	 1.0443
6116220.0 	 0.82322
6120000.0 	 0.78181
6122480.0 	 0.75464
6125000.0 	 0.7386
6128750.0 	 0.71474
6135030.0 	 0.82168
6140000.0 	 0.86363
6141330.0 	 0.87464
6147630.0 	 0.88388
6153940.0 	 1.0307
6160000.0 	 1.1677
6160260.0 	 1.1735
6167650.0 	 1.2302
6176100.0 	 1.3131
6180000.0 	 1.2478
6184580.0 	 1.1716
6193070.0 	 1.1487
6200000.0 	 1.1587
6210110.0 	 1.1744
6213400.0 	 1.2718
6215280.0 	 1.3274
6215283.0 	 1.327489
6218660.0 	 1.4274
6220000.0 	 1.4478
6222100.0 	 1.4799
6227220.0 	 1.5579
6235810.0 	 1.7373
6236100.0 	 1.7464
6240000.0 	 1.8492
6244410.0 	 1.9712
6250000.0 	 2.0007
6253020.0 	 2.0117
6260000.0 	 1.9978
6261660.0 	 1.9941
6270000.0 	 2.0091
6270310.0 	 2.0098
6272500.0 	 1.9934
6273300.0 	 1.9956
6273301.0 	 1.995603
6278700.0 	 2.0105
6278980.0 	 2.0113
6280550.0 	 2.0209
6280554.0 	 2.020925
6281800.0 	 2.0286
6282620.0 	 2.0336
6282626.0 	 2.033637
6285500.0 	 2.0513
6289850.0 	 2.2037
6290000.0 	 2.2017
6298560.0 	 2.0852
6300000.0 	 2.0427
6302920.0 	 1.9575
6306300.0 	1888
6307290.0 	 1.8612
6310000.0 	 1.7233
6311660.0 	1639
6316040.0 	 1.4745
6320000.0 	 1.2965
6320420.0 	 1.2776
6324800.0 	 1.2231
6329190.0 	 1.1636
6333590.0 	 1.1491
6337990.0 	 1.1007
6340000.0 	 1.0847
6342390.0 	 1.0644
6346800.0 	 0.98532
6351210.0 	 1.1308
6353080.0 	 1.1685
6353300.0 	1173
6355630.0 	 1.2186
6360000.0 	 1.3573
6360050.0 	 1.3589
6364480.0 	 1.4611
6368910.0 	 1.2858
6370000.0 	 1.2638
6373350.0 	 1.1905
6375000.0 	 1.1957
6377790.0 	 1.2044
6380000.0 	1197
6388200.0 	 1.1783
6391140.0 	 1.1799
6395600.0 	 1.0051
6400000.0 	 0.82562
6400070.0 	 0.82306
6404530.0 	 0.8965
6409010.0 	 1.0115
6413490.0 	 0.95894
6417970.0 	 1.1486
6420000.0 	 1.1568
6422460.0 	 1.1655
6426950.0 	 1.2166
6431450.0 	1425
6435950.0 	1457
6440000.0 	 1.6382
6440460.0 	 1.6579
6444970.0 	 1.3676
6449480.0 	 1.1364
6454010.0 	 1.0496
6458530.0 	 1.1149
6460000.0 	 1.0433
6463060.0 	 0.8932
6464400.0 	 0.86767
6469870.0 	 0.74292
6478960.0 	 0.63112
6480000.0 	627
6488070.0 	 0.60353
6497200.0 	 0.51975
6500000.0 	 0.59651
6502300.0 	 0.66075
6506340.0 	 0.77343
6515510.0 	 0.82968
6524500.0 	 0.78001
6524700.0 	 0.77992
6533900.0 	 0.78368
6540000.0 	 0.73975
6543130.0 	 0.71749
6552380.0 	 0.64168
6560000.0 	 0.64699
6561640.0 	 0.64743
6570930.0 	 0.54886
6572900.0 	552
6573760.0 	 0.55336
6580000.0 	 0.56329
6580230.0 	 0.56358
6589550.0 	 0.47171
6592600.0 	 0.48688
6598900.0 	 0.48685
6600000.0 	 0.49462
6608260.0 	 0.54871
6617650.0 	 0.76084
6620000.0 	 0.78018
6625000.0 	 0.82287
6627050.0 	 0.84036
6636480.0 	 0.99587
6640000.0 	 1.0695
6645920.0 	 1.1872
6653020.0 	 1.2951
6657760.0 	 1.1771
6667250.0 	 1.2824
6670000.0 	 1.2846
6672000.0 	 1.2861
6672300.0 	 1.2833
6673220.0 	 1.2747
6680000.0 	 1.2113
6681520.0 	 1.1998
6686290.0 	 1.4835
6690000.0 	 1.4694
6691060.0 	 1.4654
6695840.0 	 1.5664
6700630.0 	 1.5761
6705410.0 	 1.4351
6708900.0 	 1.3643
6710000.0 	 1.3477
6710210.0 	 1.3446
6715010.0 	 1.3125
6719810.0 	 1.2009
6720000.0 	 1.2027
6724620.0 	 1.2431
6730000.0 	 1.2007
6734250.0 	 1.1673
6739080.0 	 1.1668
6740000.0 	 1.1879
6743910.0 	 1.2735
6750000.0 	1203
6750920.0 	 1.1968
6750922.0 	 1.196787
6757220.0 	 1.1545
6760000.0 	 1.1632
6764500.0 	 1.1752
6771780.0 	 1.2682
6773000.0 	 1.2772
6779090.0 	 1.3065
6780000.0 	 1.2958
6786400.0 	 1.2118
6790400.0 	 1.1381
6793720.0 	 1.0768
6794400.0 	 1.0706
6794436.0 	 1.070272
6800000.0 	 1.0196
6801060.0 	 1.0149
6808400.0 	 0.9422
6815760.0 	 0.84901
6820000.0 	 0.9267
6823140.0 	 0.98338
6830520.0 	 1.0286
6837920.0 	 0.88459
6840000.0 	 0.89379
6845320.0 	 0.91149
6852740.0 	 0.99658
6857800.0 	 1.1277
6859700.0 	 1.1769
6859707.0 	 1.177082
6860000.0 	 1.1847
6860180.0 	 1.1894
6867620.0 	 1.2565
6875000.0 	 1.1155
6875080.0 	1.114
6882540.0 	 1.0749
6890030.0 	 1.1272
6897520.0 	 1.1661
6905020.0 	 1.0593
6912540.0 	1.011
6920000.0 	 0.93719
6920070.0 	 0.93641
6927610.0 	 0.86923
6932200.0 	 0.80122
6932231.0 	 0.8007593
6935170.0 	 0.75708
6937400.0 	 0.77924
6940000.0 	 0.8002
6942740.0 	 0.82151
6950000.0 	 0.74839
6950320.0 	 0.74506
6951900.0 	 0.7896
6951916.0 	 0.790051
6957910.0 	 0.95902
6960000.0 	 0.99766
6965510.0 	 1.1092
6973130.0 	 1.2167
6980000.0 	 1.1345
6980760.0 	 1.1253
6988400.0 	 0.97987
6996060.0 	 0.89921
7000000.0 	 0.88336
7001500.0 	 0.87591
7003720.0 	 0.85746
7011400.0 	 0.89825
7019100.0 	 1.0355
7020000.0 	 1.0384
7026800.0 	 1.0689
7034520.0 	 1.0344
7040000.0 	 1.0614
7042250.0 	 1.0706
7049600.0 	 0.98561
7049990.0 	 0.9848
7057750.0 	 0.98854
7060000.0 	 1.0165
7066820.0 	 1.1034
7077200.0 	 1.1377
7080000.0 	 1.0733
7087600.0 	 0.90809
7091900.0 	 0.84848
7093850.0 	 0.82146
7093855.0 	 0.8213907
7098030.0 	 0.76353
7100000.0 	 0.74688
7107300.0 	 0.68844
7107324.0 	 0.688248
7108480.0 	679
7109800.0 	 0.67939
7115700.0 	 0.6565
7118960.0 	 0.64386
7120000.0 	 0.6478
7125000.0 	 0.66058
7127000.0 	 0.66567
7127009.0 	 0.6656924
7129460.0 	 0.67178
7135000.0 	 0.70263
7137400.0 	 0.71581
7140000.0 	 0.72999
7150520.0 	 0.82187
7160000.0 	 0.98864
7161090.0 	 1.0067
7161900.0 	 1.0173
7171680.0 	 1.0922
7176700.0 	1089
7176740.0 	 1.088974
7182300.0 	 1.0854
7192930.0 	 1.0417
7200000.0 	 1.0046
7203600.0 	 0.99115
7214000.0 	 1.0227
7214280.0 	 1.0259
7220000.0 	 1.0762
7224990.0 	 1.1171
7235730.0 	 0.99326
7240000.0 	 1.0312
7245140.0 	 1.0764
7250000.0 	 1.1247
7253220.0 	 1.1566
7260000.0 	 1.1312
7261320.0 	 1.1262
7261700.0 	 1.1299
7266100.0 	 1.1734
7269430.0 	 1.1935
7277550.0 	 1.1731
7280000.0 	 1.1842
7285690.0 	 1.2154
7293840.0 	 1.2183
7300000.0 	 1.2084
7302000.0 	 1.2069
7310180.0 	 1.0728
7318370.0 	 1.2264
7326580.0 	 1.3587
7334800.0 	1433
7340000.0 	 1.3289
7343030.0 	 1.2664
7351280.0 	 1.2908
7360000.0 	1235
7367810.0 	 1.2001
7375000.0 	 1.2744
7376100.0 	 1.2857
7380000.0 	 1.3085
7384410.0 	 1.3321
7392720.0 	 1.2991
7400000.0 	 1.1718
7401050.0 	 1.1541
7409400.0 	1086
7417760.0 	 1.1024
7420000.0 	 1.1178
7426130.0 	 1.1512
7434520.0 	 1.2511
7440000.0 	1287
7442920.0 	 1.3083
7451340.0 	 1.2222
7460000.0 	 1.0963
7462590.0 	 1.0661
7476680.0 	 0.92581
7480000.0 	 0.92571
7490810.0 	 0.92685
7500000.0 	 0.98962
7504980.0 	 1.0136
7514600.0 	 0.97172
7519190.0 	 0.94636
7520000.0 	 0.9513
7533450.0 	 1.0303
7540000.0 	 0.99459
7547740.0 	 0.95077
7550000.0 	 0.9526
7562080.0 	 0.95603
7576450.0 	 0.88105
7578800.0 	 0.88618
7580000.0 	 0.89205
7590870.0 	 0.94477
7600000.0 	 0.94256
7605330.0 	 0.94435
7620000.0 	 0.88739
7625000.0 	 0.84103
7626400.0 	 0.82815
7634370.0 	 0.75479
7640000.0 	 0.85364
7647100.0 	 0.97047
7647108.0 	 0.9706015
7649000.0 	 1.0017
7660000.0 	 1.1547
7663580.0 	 1.2009
7678250.0 	 1.0743
7680000.0 	 1.0557
7682000.0 	 1.0374
7683000.0 	 1.0268
7684400.0 	 1.0087
7684406.0 	 1.008622
7692960.0 	 0.89798
7700000.0 	 0.87184
7707710.0 	 0.86352
7718600.0 	 1.0112
7720000.0 	 1.0302
7722500.0 	 1.0678
7737340.0 	 1.2502
7740000.0 	 1.2318
7750000.0 	 1.1447
7752220.0 	 1.1255
7760000.0 	 1.1173
7767150.0 	 1.1011
7780000.0 	 1.0511
7782110.0 	 1.0427
7797120.0 	 1.0996
7800000.0 	 1.0738
7803300.0 	 1.0462
7812180.0 	 0.97914
7820000.0 	 0.95261
7834840.0 	 0.90683
7840000.0 	 0.91874
7860000.0 	 0.96399
7865220.0 	 0.97237
7875000.0 	 1.0035
7900000.0 	 1.0844
7907500.0 	 1.1097
7920000.0 	 1.1259
7926500.0 	 1.1356
7940000.0 	 1.0491
7957410.0 	 0.94419
7960000.0 	 0.9363
7967600.0 	 0.91627
7980000.0 	 0.91378
8000000.0 	 0.91682
8019780.0 	 0.91854
8030000.0 	 0.86958
8051240.0 	 0.76777
8060000.0 	 0.73742
8071800.0 	 0.68872
8080000.0 	 0.6625
8080200.0 	 0.66182
8082880.0 	 0.65263
8114720.0 	 0.68333
8120000.0 	 0.70006
8140000.0 	 0.7574
8146740.0 	 0.77537
8160000.0 	 0.76938
8176100.0 	 0.77083
8178950.0 	 0.76782
8211360.0 	 0.96011
8219000.0 	 0.9791
8219009.0 	 0.9791221
8220000.0 	 0.98155
8240000.0 	 1.0372
8243960.0 	 1.0493
8250000.0 	 1.0439
8260000.0 	 1.0345
8280000.0 	1016
8309750.0 	 0.97901
8320000.0 	 0.99872
8342940.0 	 1.0222
8360000.0 	 1.0593
8376330.0 	 1.0997
8400000.0 	 1.1035
8409930.0 	1109
8420000.0 	 1.0597
8443720.0 	 0.96302
8460000.0 	 0.99823
8477730.0 	 1.0331
8480000.0 	 1.0318
8500000.0 	 1.0034
8511930.0 	 0.98658
8520000.0 	 0.99318
8540000.0 	 1.0154
8546350.0 	 1.0265
8556800.0 	 1.0344
8560000.0 	 1.0368
8580000.0 	 1.0516
8584900.0 	 1.0538
8600000.0 	 1.0739
8615820.0 	 1.0715
8620000.0 	 1.0583
8628300.0 	 1.0237
8640000.0 	 0.97467
8650870.0 	 0.94825
8660000.0 	 0.96056
8680000.0 	 1.0099
8686140.0 	 1.0288
8700000.0 	 0.97683
8716300.0 	 0.91179
8716314.0 	 0.9117338
8721620.0 	 0.89043
8740000.0 	 0.86108
8745300.0 	 0.85157
8750000.0 	 0.83526
8757330.0 	 0.80945
8760000.0 	 0.8081
8770000.0 	 0.79215
8780000.0 	 0.79235
8793250.0 	 0.78105
8800000.0 	 0.78991
8820000.0 	 0.80103
8829400.0 	 0.80967
8851000.0 	 0.86353
8851001.0 	 0.8635325
8865770.0 	 0.90033
8898700.0 	 0.93812
8902370.0 	 0.94222
8939190.0 	 0.91984
8980000.0 	 0.95122
8981800.0 	 0.95143
9000000.0 	 1.0027
9013540.0 	 1.0493
9051060.0 	 1.0649
9088820.0 	 0.95684
9130100.0 	 0.92999
9165050.0 	 0.84577
9203530.0 	 0.82658
9225000.0 	 0.69375
9225016.0 	 0.6936507
9242250.0 	 0.58665
9250000.0 	 0.60059
9281220.0 	 0.65819
9320430.0 	 0.90175
9324480.0 	 0.90041
9338600.0 	 0.89553
9350010.0 	897
9369800.0 	 0.66413
9389660.0 	 0.74928
9409590.0 	 0.92554
9429570.0 	 0.97037
9459670.0 	 0.94451
9500000.0 	 0.79544
9500030.0 	 0.79533
9540650.0 	 0.86763
9575100.0 	 0.76867
9581530.0 	 0.7506
9622680.0 	 0.64853
9664090.0 	 0.60681
9698800.0 	 0.62566
9705770.0 	 0.62945
9747730.0 	 0.69618
9750000.0 	 0.70078
9789960.0 	 0.78352
9812600.0 	 0.78813
9832460.0 	 0.79163
9875250.0 	 0.77817
9939950.0 	 0.85452
1.0E7 	 0.8016
1.00272E7 	 0.77438
1.01157E7 	 0.82132
1.02053E7 	 0.8226
10250000000	 0.78183
1.02961E7 	 0.74071
1.0346E7 	 0.78929
1.03881E7 	 0.83027
1.04814E7 	 0.58101
1.05E7 	 0.60034
1.0576E7 	 0.68582
1.06718E7 	 0.5745
1.0673E7 	 0.57655
10750000000	 0.70786
1.0769E7 	 0.74064
1.08675E7 	 0.78041
1.0953E7 	 0.77215
1.09674E7 	 0.77055
1.1E7 	 0.75079
1.10686E7 	 0.70701
1.11713E7 	 0.58248
11250000000	 0.63411
1.13E7 	 0.66635
1.1381E7 	 0.72364
1.14881E7 	 0.7579
1.15E7 	 0.75816
1.15967E7 	 0.76345
1.17069E7 	 0.71018
11750000000	 0.70733
1.18187E7 	702
1.2E7 	 0.73422
